company|title|location|link
qomodo|sales analyst intern|milan, lombardy, italy|https://www.linkedin.com/jobs/view/4255744288
la doublej|digital operations analyst intern|milan, lombardy, italy|https://www.linkedin.com/jobs/view/4269535219
amazon|2025 financial analyst intern|madrid, community of madrid, spain|https://www.linkedin.com/jobs/view/4234043216
acca careers|2025 financial analyst intern|madrid, community of madrid, spain|https://www.linkedin.com/jobs/view/4270659164
msd czech republic|technical analyst intern - part time for a student|prague, prague, worldwide|https://www.linkedin.com/jobs/view/4278342518
michigan medicine|research area specialist assoc|mi, ann arbor, worldwide|https://www.linkedin.com/jobs/view/4277784245
pearl lemon group|account manager intern (remote)|albania, worldwide|https://www.linkedin.com/jobs/view/4250675216
red bull|internship global music marketing|fuschl am see, salzburg, austria|https://www.linkedin.com/jobs/view/4283420571
international atomic energy agency (iaea)|internship – innovation team, business solutions section, division of information technology|innere stadt, vienna, austria|https://www.linkedin.com/jobs/view/4269668331
loop®|social media internship - luxury automotive|vienna, vienna, austria|https://www.linkedin.com/jobs/view/4281642361
podero|customer analyst intern (m/f/d)|vienna, vienna, austria|https://www.linkedin.com/jobs/view/4281833349
inoqo|food & agriculture research intern - student in austria|vienna, vienna, austria|https://www.linkedin.com/jobs/view/4254478359
pearl lemon group|account manager intern (remote)|austria|https://www.linkedin.com/jobs/view/4250670686
red bull|internship data privacy|elsbethen, salzburg, austria|https://www.linkedin.com/jobs/view/4280903136
international atomic energy agency (iaea)|internship – deuterium and tritium water analyses|innere stadt, vienna, austria|https://www.linkedin.com/jobs/view/4278216373
podero|business operations intern|vienna, vienna, austria|https://www.linkedin.com/jobs/view/4256379663
bitpanda|intern, software engineer (java)|vienna, vienna, austria|https://www.linkedin.com/jobs/view/4250237019
bending spoons|software engineer intern|st pölten, lower austria, austria|https://www.linkedin.com/jobs/view/4283020358
bending spoons|software engineer intern (relocate to london)|innere stadt, vienna, austria|https://www.linkedin.com/jobs/view/4283022247
bending spoons|software engineer intern (relocate to london)|austria|https://www.linkedin.com/jobs/view/4283023022
bending spoons|software engineer intern (relocate to london)|linz, upper austria, austria|https://www.linkedin.com/jobs/view/4283021226
bending spoons|software engineer intern (relocate to milan)|graz, styria, austria|https://www.linkedin.com/jobs/view/4283015960
bending spoons|software engineer intern (relocate to milan)|dornbirn, vorarlberg, austria|https://www.linkedin.com/jobs/view/4283017889
bending spoons|software engineer intern (relocate to milan)|st pölten, lower austria, austria|https://www.linkedin.com/jobs/view/4283019554
international cultural diversity organization (icdo)|social and digital media intern|innere stadt, vienna, austria|https://www.linkedin.com/jobs/view/4185914195
bending spoons|software engineer intern (relocate to milan)|austria|https://www.linkedin.com/jobs/view/4283020377
bending spoons|software engineer intern (relocate to london)|graz, styria, austria|https://www.linkedin.com/jobs/view/4283021240
international cultural diversity organization (icdo)|administrative assistant intern|innere stadt, vienna, austria|https://www.linkedin.com/jobs/view/4185914196
european space policy institute (espi)|communication & engagement intern|vienna, austria|https://www.linkedin.com/jobs/view/4273748814
ayvens|junior legal counsel (w/m/d)|vienna, vienna, austria|https://www.linkedin.com/jobs/view/4272893117
walls.io|finance & operations assistant (f/m/x) - teilzeit (10-20 wostd)|innere stadt, vienna, austria|https://www.linkedin.com/jobs/view/4278561874
osce|generic internship|vienna, vienna, austria|https://www.linkedin.com/jobs/view/4187976701
procter & gamble|strategic finance internship (m/f/d)|vienna, vienna, austria|https://www.linkedin.com/jobs/view/4259885049
kiska|research & strategy intern|salzburg, salzburg, austria|https://www.linkedin.com/jobs/view/4238584403
yuvell - home of aesthetics|front desk assistance - medizin studentinnen|vienna, vienna, austria|https://www.linkedin.com/jobs/view/4232951169
electra|business development intern - austria 🇦🇹|vienna, vienna, austria|https://www.linkedin.com/jobs/view/4243913268
tttech auto|internship marketing (m/f/d)|vienna, vienna, austria|https://www.linkedin.com/jobs/view/4283188944
amazon|2025 area manager intern, operations|au am leithaberge, lower austria, austria|https://www.linkedin.com/jobs/view/4245902659
mtel austria|product innovation manager (m/w/d)-telekommunikation|vienna, vienna, austria|https://www.linkedin.com/jobs/view/4264524126
ocnsmedia og|projectmanager|salzburg, salzburg, austria|https://www.linkedin.com/jobs/view/4270866690
kissa tea - part of aiya europe gmbh|accountant (m/w/d)|vienna, vienna, austria|https://www.linkedin.com/jobs/view/4246060009
eindhoven atletiek|management intern - sep 25|großarl, salzburg, austria|https://www.linkedin.com/jobs/view/4268617224
park hyatt vienna|event sales executive|vienna, austria|https://www.linkedin.com/jobs/view/4272165299
imperial riding school, autograph collection|front office manager (m/w/d)|vienna, vienna, austria|https://www.linkedin.com/jobs/view/4275919220
safereach|customer service & sales support mitarbeiter (vollzeit oder teilzeit 20 h)|vienna, vienna, austria|https://www.linkedin.com/jobs/view/4272682508
eversports|video & content editing intern|vienna, austria|https://www.linkedin.com/jobs/view/4279443903
deutschakademie|customer service mitarbeiter:in – talent pool|vienna, vienna, austria|https://www.linkedin.com/jobs/view/4154563204
austriacard holdings|global head of medical marketing (w/m/x)|vienna, vienna, austria|https://www.linkedin.com/jobs/view/4282907223
mm group|internship sales process excellence (m/f/d)|vienna, vienna, austria|https://www.linkedin.com/jobs/view/4255176268
safereach|technischer service & sales support mitarbeiter (teilzeit 20 h)|vienna, vienna, austria|https://www.linkedin.com/jobs/view/4268060142
madx – macro array diagnostics gmbh|international finance manager (m/f/x)|vienna, vienna, austria|https://www.linkedin.com/jobs/view/4273750093
lohmann & rauscher|project manager (m/w/d) - m&a/integration|vienna, austria|https://www.linkedin.com/jobs/view/4259992513
lohmann & rauscher|project manager (m/w/d) - m&a/integration|vienna, austria|https://www.linkedin.com/jobs/view/4259988922
eindhoven atletiek|f&b management intern-sep 25|großarl, salzburg, austria|https://www.linkedin.com/jobs/view/4215404698
aep h2 gmbh|projektleiter:in|linz, upper austria, austria|https://www.linkedin.com/jobs/view/4270082626
auto1 group|business development manager (m/w/d)|vienna, vienna, austria|https://www.linkedin.com/jobs/view/4283414274
tietalent|assistant front office manager (all genders)|vienna, vienna, austria|https://www.linkedin.com/jobs/view/4282725404
towa. the digital growth company|praktikum digital transformation consulting (m/w/d)|bregenz, vorarlberg, austria|https://www.linkedin.com/jobs/view/4232950452
red bull|assistant to general manager|fuschl am see, salzburg, austria|https://www.linkedin.com/jobs/view/4266675512
lohmann & rauscher österreich|project manager (m/w/d) - m&a/integration|vienna, austria|https://www.linkedin.com/jobs/view/4259989870
pcs it-trading gmbh|erp developer (w/m/d)|vienna, vienna, austria|https://www.linkedin.com/jobs/view/4272168537
panda parken|future operations manager:in|fischamend, lower austria, austria|https://www.linkedin.com/jobs/view/4280531725
öamtc|mitarbeiter:in nothilfe 120|vienna, vienna, austria|https://www.linkedin.com/jobs/view/4276861463
ceyond - beyond digital|technical crm consultant|vienna, vienna, austria|https://www.linkedin.com/jobs/view/4268272502
windhager home & garden|e-commerce manager (m/w/d)|thalgau, salzburg, austria|https://www.linkedin.com/jobs/view/4242746978
greiner bio-one international|development engineer (m/w/d)|kremsmünster, upper austria, austria|https://www.linkedin.com/jobs/view/4264333528
infineon technologies|internship: project office / executive assistant (f/m/div)|villach, carinthia, austria|https://www.linkedin.com/jobs/view/4268610776
viessmann climate solutions|after sales berater:in (m/w/d)|vienna, vienna, austria|https://www.linkedin.com/jobs/view/4278545686
sico technology gmbh|mitarbeiter in der qualitätssicherung (m/w/d)|bad bleiberg, carinthia, austria|https://www.linkedin.com/jobs/view/4265987375
lufthansa cargo|cargo office agent (m/w/d)|vienna, vienna, austria|https://www.linkedin.com/jobs/view/4274219032
lohmann & rauscher|print shop manager (m/w/d)|vienna, vienna, austria|https://www.linkedin.com/jobs/view/4256015733
inverto  a bcg company|consulting intern data & insights in procurement / supply chain management (f/m/d)|vienna, vienna, austria|https://www.linkedin.com/jobs/view/4249594051
bösch|marketing manager (m/w/d)|lustenau, vorarlberg, austria|https://www.linkedin.com/jobs/view/4251578547
santander österreich|software developer (m/w/d)|vienna, vienna, austria|https://www.linkedin.com/jobs/view/4281911292
tiger coatings|global lead information security|wels, upper austria, austria|https://www.linkedin.com/jobs/view/4269635291
fresenius kabi austria|office administration/team assistant - teilzeit (m/w/d)|graz, styria, austria|https://www.linkedin.com/jobs/view/4239397025
eurotours|product manager self-drive (eigenanreise) (m/w/d)|vienna, vienna, austria|https://www.linkedin.com/jobs/view/4268186618
hotel lärchenhof katschberg|küchenchef (m/w/d) ab september|rennweg, carinthia, austria|https://www.linkedin.com/jobs/view/4279875579
madx – macro array diagnostics gmbh|international finance manager (f/m/x)|vienna, austria|https://www.linkedin.com/jobs/view/4277655777
zeintlinger systemtechnik gmbh|mitarbeiter:in first level it-support (m/w/d)|graz, styria, austria|https://www.linkedin.com/jobs/view/4279101106
schiebel|office & travel management (vollzeit)|wiener neustadt, lower austria, austria|https://www.linkedin.com/jobs/view/4275621129
tietalent|softwareentwickler (m/w/d)|guntramsdorf, lower austria, austria|https://www.linkedin.com/jobs/view/4282720938
tietalent|front office manager (m/w/d)|vienna, vienna, austria|https://www.linkedin.com/jobs/view/4282726292
park hyatt|event sales executive (all genders)|vienna, vienna, austria|https://www.linkedin.com/jobs/view/4277823326
msd österreich|studentische hilfskraft (m/w/d) human ressources|innere stadt, vienna, austria|https://www.linkedin.com/jobs/view/4272843986
tietalent|security engineer (m/w/d)|vienna, vienna, austria|https://www.linkedin.com/jobs/view/4282727080
stern gruppe|elektromonteure m/w/d|gmunden, upper austria, austria|https://www.linkedin.com/jobs/view/4199482824
towa. the digital growth company|senior developer mit führungskompetenzen (w/d/m), wien, bregenz, hamburg, münchen, dortmund|bregenz, vorarlberg, austria|https://www.linkedin.com/jobs/view/4232951983
towa. the digital growth company|senior developer mit führungskompetenzen (w/d/m), wien, bregenz, hamburg, münchen, dortmund|bregenz, vorarlberg, austria|https://www.linkedin.com/jobs/view/4232948952
towa. the digital growth company|senior developer mit führungskompetenzen (w/d/m), wien, bregenz, hamburg, münchen, dortmund|bregenz, vorarlberg, austria|https://www.linkedin.com/jobs/view/4232953322
don group|mitarbeiter stammdaten (m/w/d)|vienna, vienna, austria|https://www.linkedin.com/jobs/view/4278317091
tietalent|mitarbeiter:in first level it-support (m/w/d)|graz, styria, austria|https://www.linkedin.com/jobs/view/4282726280
tietalent|group reservations specialist (m/w/d)|innsbruck, tyrol, austria|https://www.linkedin.com/jobs/view/4282720970
red bull|it innovation analyst|elsbethen, salzburg, austria|https://www.linkedin.com/jobs/view/4278799818
brandreach|team assistant|vienna, austria|https://www.linkedin.com/jobs/view/4280666035
tietalent|security engineer (f/m/d)|linz, upper austria, austria|https://www.linkedin.com/jobs/view/4282726353
deutsche telekom|praktikum cybersecurity partnermanagement (m/w/d)|vienna, vienna, austria|https://www.linkedin.com/jobs/view/4283421168
spedition fuchs - fuchs international|lagerleitung (m/w/d)|vienna, vienna, austria|https://www.linkedin.com/jobs/view/4279882283
deutschakademie|deutsch-trainer:in (daf/daz) auf honorarbasis|vienna, vienna, austria|https://www.linkedin.com/jobs/view/4194659564
santander österreich|it spezialist services (m/w/d)|vienna, vienna, austria|https://www.linkedin.com/jobs/view/4250419468
dentsu|(junior) performance manager (m/w/d) - paid social / sea|vienna, vienna, austria|https://www.linkedin.com/jobs/view/4276839599
stern gruppe|elektro obermonteure m/w/d|gmunden, upper austria, austria|https://www.linkedin.com/jobs/view/4199483633
asco engineering gmbh|htl-absolvent:in - technik talent (m/w/d)|graz, styria, austria|https://www.linkedin.com/jobs/view/4202662805
bd|product manager infusion & onkology, central & eastern europe (m/f/d) vz/tz|vienna, vienna, austria|https://www.linkedin.com/jobs/view/4267231346
jobiqo|digital project manager (w/m/d, vollzeit) mit fokus auf customer onboarding in wien oder linz|vienna, austria|https://www.linkedin.com/jobs/view/4278777081
tietalent|software entwickler:in mit schwerpunkt it security tz/vz (m/w/d)|gleisdorf, styria, austria|https://www.linkedin.com/jobs/view/4282725533
tunymedia gmbh|deine karriere am telefon: anfragenmanagerin werden!|wörgl, tyrol, austria|https://www.linkedin.com/jobs/view/4279914074
dr. shebl & partner generalplaner gmbh|bauaufsicht (öba) / baumanagement|vienna, vienna, austria|https://www.linkedin.com/jobs/view/4269611520
kumavision ag|consultant erp-software (m/w/d)|lustenau, vorarlberg, austria|https://www.linkedin.com/jobs/view/4192782220
asco engineering gmbh|software entwickler:in mit schwerpunkt it security tz/vz (m/w/d)|gleisdorf, styria, austria|https://www.linkedin.com/jobs/view/4250898237
sehen!wutscher|hr-generalist (m/w/d) mit  schwerpunkt 'personalentwicklung'|graz, styria, austria|https://www.linkedin.com/jobs/view/4267433124
ille papier-service gmbh|mitarbeitende im vertriebsaußendienst (m/w/d)|brixen im thale, tyrol, austria|https://www.linkedin.com/jobs/view/4278094393
deutschakademie|telc prüfer (m/w/d) gesucht! (auf honorarbasis)|vienna, vienna, austria|https://www.linkedin.com/jobs/view/4249188084
james hardie|customer service / inside sales mitarbeiter:in (m/w/d)|wiener neudorf, lower austria, austria|https://www.linkedin.com/jobs/view/4256173455
bäckerei café konditorei buchegger gmbh|schüler-/stundentenjob als verkäufer (m/w/d) für unsere filialen - minijob|riedau, upper austria, austria|https://www.linkedin.com/jobs/view/4279016470
bäckerei café konditorei buchegger gmbh|schüler-/stundentenjob als verkäufer (m/w/d) für unsere filialen - minijob|andorf, upper austria, austria|https://www.linkedin.com/jobs/view/4279012936
apg austrian power grid ag|senior helpdesk agent (m/w/d)|vienna, vienna, austria|https://www.linkedin.com/jobs/view/4248024750
lebensgroß|fachsozialbetreuer:in für die tagesförderstätteniesenbergergasse (m/w/d)|graz, styria, austria|https://www.linkedin.com/jobs/view/4275835749
beko solutions gmbh|senior site manager (w/m/x)|linz, upper austria, austria|https://www.linkedin.com/jobs/view/4273703866
dhl express|lehrling brief- & paketlogistiker (m/w/d)|weiler, vorarlberg, austria|https://www.linkedin.com/jobs/view/4143547721
asco engineering gmbh|softwareentwickler:in für maschinensteuerungen (m/w/d)|graz, styria, austria|https://www.linkedin.com/jobs/view/4277282029
greiner|development engineer|kremsmünster, upper austria, austria|https://www.linkedin.com/jobs/view/4282622390
a1 telekom austria ag|senior security consultant (w/m/d)|vienna, vienna, austria|https://www.linkedin.com/jobs/view/4239608193
fresenius kabi austria|abteilungsleitung customer service international (m/w/d)|linz, upper austria, austria|https://www.linkedin.com/jobs/view/4267757926
kwizda pharmadistribution|mitarbeiter auftragserfassung (m/w/d) - teilzeit|linz, upper austria, austria|https://www.linkedin.com/jobs/view/4170127665
asco engineering gmbh|controller:in im industriellen umfeld (m/w/d)|styria, austria|https://www.linkedin.com/jobs/view/4272678774
iventa. the human management group|social media manager:in (m/w/d) vollzeit|vienna, vienna, austria|https://www.linkedin.com/jobs/view/4281696104
öbb|projektmanager:in für it-systeme, rechenzentren und transformationsprojekte|leopoldstadt, vienna, austria|https://www.linkedin.com/jobs/view/4267966286
amazon|construction manager, design and construction|innere stadt, vienna, austria|https://www.linkedin.com/jobs/view/4267277588
hilti austria|backoffice spezialist (w/m/d) geräteservice (teilzeit)|vienna, vienna, austria|https://www.linkedin.com/jobs/view/4259618554
palfinger north america|software architect embedded systems (w/m/d)|köstendorf, salzburg, austria|https://www.linkedin.com/jobs/view/4279815307
ameos gruppe|psychologen (m/w/d) klinischen psychologen (m/w/d) oder psychotherapeuten (m/w/d)|bad aussee, styria, austria|https://www.linkedin.com/jobs/view/4277824575
salesianer gruppe|mitarbeiter im kundenservice (m/w/d)|graz, styria, austria|https://www.linkedin.com/jobs/view/4280120336
novartis|ra cmc postgraduate intern|schaftenau, tyrol, austria|https://www.linkedin.com/jobs/view/4268370117
isg international service group|projektmanager (m/w/d)|vienna, vienna, austria|https://www.linkedin.com/jobs/view/4266334834
schneider electric|it business partner / projektleiter (w/m/d)|vienna, vienna, austria|https://www.linkedin.com/jobs/view/4268764559
held & francke baugesellschaft m. b. h.|assistent:in des managements (m/w/d)|linz, upper austria, austria|https://www.linkedin.com/jobs/view/4278552179
voestalpine|kran- und baggerfahrer:in in der schmelzmetallurgie|linz, upper austria, austria|https://www.linkedin.com/jobs/view/4279931885
kumavision ag|inside sales specialist (m/w/d) in teilzeit (50%)|lustenau, vorarlberg, austria|https://www.linkedin.com/jobs/view/4222321995
schiebel|projektleitung uas entwicklungsprojekte (all genders)|vienna, vienna, austria|https://www.linkedin.com/jobs/view/4275617356
augustin quehenberger group gmbh|sachbearbeiter customer service (w/m/d)|fischamend, lower austria, austria|https://www.linkedin.com/jobs/view/4280862782
asfinag|stellenbezeichnung
            
                
                    stellvertretung leitung autobahnmeisterei|andrichsfurth, upper austria, austria|https://www.linkedin.com/jobs/view/4259610654
kumavision ag|inside sales specialist (m/w/d) in teilzeit (50%)|innsbruck, tyrol, austria|https://www.linkedin.com/jobs/view/4222324717
gc gruppe österreich|technischer außendienst (m/w/d)|hohenzell, upper austria, austria|https://www.linkedin.com/jobs/view/4282356212
biomedica medizinprodukte gmbh|applikationsspezialist für klinische it (m/w/d) für vorarlberg (dornbirn) (m/w/d)|dornbirn, vorarlberg, austria|https://www.linkedin.com/jobs/view/4280125865
myneva|quereinstieg für pflegekräfte als software consultant (m/w/d)|vienna, vienna, austria|https://www.linkedin.com/jobs/view/4242912163
walter group|treasury & cash management expert (m/w/d)|vienna, austria|https://www.linkedin.com/jobs/view/4278744691
asco engineering gmbh|projekttechniker:in mess/regeltechnik (m/w/d)|graz, styria, austria|https://www.linkedin.com/jobs/view/4051092793
gc gruppe österreich|vertriebsmitarbeiter innendienst (m/w/d)|graz, styria, austria|https://www.linkedin.com/jobs/view/4280553873
asco engineering gmbh|facility manager:in / gebäudetechniker:in (m/w/d)|graz, styria, austria|https://www.linkedin.com/jobs/view/4075523138
aalberts advanced mechatronics|business development manager (m/w/d) semiconductor  automotive @kml|vienna, austria|https://www.linkedin.com/jobs/view/4281056785
stern gruppe|hkls-installateure m/w/d|gmunden, upper austria, austria|https://www.linkedin.com/jobs/view/4199483618
oberndorfer betonfertigteile|hochbau projektleiter - konstruktiver fertigteilbau m / w / d|gunskirchen, upper austria, austria|https://www.linkedin.com/jobs/view/4280868173
liebherr group|liebherr simulation support techniker|nenzing, vorarlberg, austria|https://www.linkedin.com/jobs/view/3867581152
gfic geiger food ingredients recruitment & consult.ing|austria technical sales manager food and nutrition ingredients m/f/d|vienna, austria|https://www.linkedin.com/jobs/view/4277337518
taurus sicherheitstechnik|projektleiter sicherheitstechnik (wien)|vienna, vienna, austria|https://www.linkedin.com/jobs/view/4278712778
talentor austria|global head of medical marketing (w/m/x)|vienna, austria|https://www.linkedin.com/jobs/view/4282131325
asco engineering gmbh|hr-generalist:in (m/w/d) - fokus personalentwicklung und lohnverrechnung|raaba, styria, austria|https://www.linkedin.com/jobs/view/4267743857
frauenthal handel gruppe ag|empfangsmitarbeiter:in (m/w/d)|vienna, vienna, austria|https://www.linkedin.com/jobs/view/4249792800
indivhr - we 💚 it recruiting|it recruiter (w/m/d)|vienna, austria|https://www.linkedin.com/jobs/view/4270872929
lowell|manager bpm/application (m/w/d)|linz, upper austria, austria|https://www.linkedin.com/jobs/view/4203310060
myneva|quereinstieg für pflegekräfte als software consultant (m/w/d)|salzburg, salzburg, austria|https://www.linkedin.com/jobs/view/4242911437
swietelsky ag|technische gruppenleitung - hochbau|gurten, upper austria, austria|https://www.linkedin.com/jobs/view/4245528104
beko solutions gmbh|versuchstechniker mit schwerpunkt mechatronik (w/m/x)|eferding, upper austria, austria|https://www.linkedin.com/jobs/view/4273746767
ge vernova|projektmanager*in hoch-/mittelspannung gis / ais|vienna, vienna, austria|https://www.linkedin.com/jobs/view/4176700199
kastler unternehmens- und personalberatung|key-account-manager:in|salzburg, austria|https://www.linkedin.com/jobs/view/4270145936
aiya matcha • refining the taste of life|(bilanz-) buchhalter (m/w/d)|vienna, vienna, austria|https://www.linkedin.com/jobs/view/4235213903
glock gmbh|personalleiter (m/w/d)|ferlach, carinthia, austria|https://www.linkedin.com/jobs/view/4275614409
iventa. the human management group|controller*in|graz, styria, austria|https://www.linkedin.com/jobs/view/4281624393
apotheke in wieselburg|pharmazeut*in (m/w/d)|wieselburg, lower austria, austria|https://www.linkedin.com/jobs/view/4278054153
trend micro europe|trend micro enterprise account manager (volume team)|austria|https://www.linkedin.com/jobs/view/4266168102
computer futures|teamlead it & infrastructure (m/w/d)|vienna, vienna, austria|https://www.linkedin.com/jobs/view/4264835793
asco engineering gmbh|elektroplaner:in / projekttechniker:in im bereich gebäudetechnik (m/w/d)|klagenfurt, carinthia, austria|https://www.linkedin.com/jobs/view/3945538000
apg austrian power grid ag|anti claim manager:in - bauwirtschaft|vienna, vienna, austria|https://www.linkedin.com/jobs/view/4278779230
toyota material handling austria|sales specialist niederösterreich & wien (m/w/d)|laxenburg, lower austria, austria|https://www.linkedin.com/jobs/view/4200192720
ge vernova|site manager (m/w/d)|austria|https://www.linkedin.com/jobs/view/4228506464
ge vernova|projektmanager*in hoch-/mittelspannung gis / ais|leonding, upper austria, austria|https://www.linkedin.com/jobs/view/4117613706
valantic|consultant finance & anaplan solutions (all genders)|vienna, vienna, austria|https://www.linkedin.com/jobs/view/4211346851
servus intralogistics gmbh|steuerungstechniker/-in|dornbirn, vorarlberg, austria|https://www.linkedin.com/jobs/view/4255107268
asco engineering gmbh|automatisierungstechniker:in /applikationsprogrammierer:in (m/w/d)|gleisdorf, styria, austria|https://www.linkedin.com/jobs/view/4022086549
cws hygiene österreich|vertriebsprofi - neukunden oö|ansfelden, upper austria, austria|https://www.linkedin.com/jobs/view/4239564622
öbb|elektrotechniker:in - wartung & instandhaltung der bahninfrastruktur 50hz (stützpunkt lienz)|lienz, tyrol, austria|https://www.linkedin.com/jobs/view/4255718264
blum group|entwicklungstechniker konstrukteur mechatronik (m/w/d)|höchst, vorarlberg, austria|https://www.linkedin.com/jobs/view/4233069939
öbb|elektriker:in für eisenbahninfrastruktur - kirchberg/hochfilzen|kirchberg in tirol, tyrol, austria|https://www.linkedin.com/jobs/view/4103699208
voestalpine|mitarbeiter:in für anlagen- & infrastrukturprojekte|krems an der donau, lower austria, austria|https://www.linkedin.com/jobs/view/4279614445
asco engineering gmbh|lagerlogistiker:in (m/w/d)|graz, styria, austria|https://www.linkedin.com/jobs/view/4280195618
stranger maschinenbau|sps-programmierer (m/w/d) – automatisierungstechnik & robotik|anthering, salzburg, austria|https://www.linkedin.com/jobs/view/4280779324
öbb|oberleitungsmonteur:in - kirchberg/hochfilzen|kirchberg in tirol, tyrol, austria|https://www.linkedin.com/jobs/view/4169353130
palfinger ag|software architect embedded systems (w/m/d)|köstendorf, salzburg, austria|https://www.linkedin.com/jobs/view/4267906435
accenture dach|industrial relations specialist (all genders) mit dem schwerpunkt betriebsräte/ interessenvertretung/ betriebsverfassungsrecht|vienna, vienna, austria|https://www.linkedin.com/jobs/view/4265378293
bora|teamleitung (m/w/d) technisches projektmanagement|tyrol, austria|https://www.linkedin.com/jobs/view/4275947914
adesso business consulting ag|sap consultant (all genders)|vienna, vienna, austria|https://www.linkedin.com/jobs/view/4193259327
mascot® workwear|gebietsleiter (m/w/x) für wien/niederösterreich|breitenfurth bei wien, lower austria, austria|https://www.linkedin.com/jobs/view/4260846904
öbb|facharbeiter:in oberleitung|bludenz, vorarlberg, austria|https://www.linkedin.com/jobs/view/4104338556
öbb|facharbeiter:in maschinelle anlagen|bludenz, vorarlberg, austria|https://www.linkedin.com/jobs/view/4104344080
öbb|facharbeiter:in elektrotechnik 50hz (gleisinfrastruktur) mit karriere - klagenfurt|klagenfurt, carinthia, austria|https://www.linkedin.com/jobs/view/4279705017
krankenhaus der barmherzigen schwestern ried|ärztin*/arzt* für allgemeinmedizin bzw. fachärztin*/facharzt* für anästhesie oder innere medizin für die zentrale aufnahme und erstversorgung (zae)|ried im innkreis, upper austria, austria|https://www.linkedin.com/jobs/view/4109583936
krankenhaus der barmherzigen schwestern ried|ärztin*/arzt* in ausbildung zur* fachärztin*/zum* facharzt für nuklearmedizin|ried im innkreis, upper austria, austria|https://www.linkedin.com/jobs/view/4109585865
sinn consulting gmbh|sap entwickler (m/w/d) -  1010 wien (hybrid)  vz 38,5 std.  festanstellung|vienna, austria|https://www.linkedin.com/jobs/view/4260701674
krankenhaus der barmherzigen schwestern ried|fachärztin*/facharzt* für nuklearmedizin|ried im innkreis, upper austria, austria|https://www.linkedin.com/jobs/view/4109583910
wien energie gmbh|teamleiter*in anlagenmanagement|vienna, vienna, austria|https://www.linkedin.com/jobs/view/4256304349
krankenhaus der barmherzigen schwestern ried|ärztin*/arzt* in ausbildung zur* fachärztin*/zum* facharzt* für orthopädie und traumatologie|ried im innkreis, upper austria, austria|https://www.linkedin.com/jobs/view/4109588160
hr consulting ines schöffmann gmbh|technischer vertrieb westösterreich|innsbruck, tyrol, austria|https://www.linkedin.com/jobs/view/4277429309
krankenhaus der barmherzigen schwestern ried|ärztin*/arzt* in ausbildung zur* fachärztin*/zum* facharzt* für physikalische medizin und allgemeine rehabilitation|ried im innkreis, upper austria, austria|https://www.linkedin.com/jobs/view/4281629460
krankenhaus der barmherzigen schwestern ried|fachärztin*/facharzt* für orthopädie und traumatologie|ried im innkreis, upper austria, austria|https://www.linkedin.com/jobs/view/4239504581
andritz|vertriebsingenieur turbine (m/w/d)|linz, upper austria, austria|https://www.linkedin.com/jobs/view/4278530555
facc ag|betriebsschlosser (m/w/d)|ort im innkreis, upper austria, austria|https://www.linkedin.com/jobs/view/4270028106
egger d-a-ch|technische fachkraft zur weiterbildung zum kesselwärter (w/m/d)|sankt johann in tirol, tyrol, austria|https://www.linkedin.com/jobs/view/4267398978
plasser & theurer export von bahnbaumaschinen g.m.b.h.|leitung integriertes management system|purkersdorf, lower austria, austria|https://www.linkedin.com/jobs/view/4219835430
fastned|senior architekt österreich (m/w/d) am standort wien|vienna, austria|https://www.linkedin.com/jobs/view/4271262418
generali austria|spezialist_in betriebliche personenversicherung - unabhängige vertriebe regionaldirektion ost (dienstort wien)|vienna, vienna, austria|https://www.linkedin.com/jobs/view/4263978198
asco engineering gmbh|servicetechniker:in sondermaschinenbau/werkstätte (m/w/d)|graz, styria, austria|https://www.linkedin.com/jobs/view/4280195617
adesso business consulting ag|senior consultant sap fi/co (all genders)|vienna, vienna, austria|https://www.linkedin.com/jobs/view/4251559502
siemens healthineers|applikationsspezialist*in/trainer*in (m/w/d) für radiographie systeme und mammographie|salzburg, salzburg, austria|https://www.linkedin.com/jobs/view/4279888612
land tirol|ärztin / arzt im öffentlichen gesundheitsdienst|reutte, tyrol, austria|https://www.linkedin.com/jobs/view/4203534698
zumtobel group|assistant to vice president brand zumtobel and vice president smart building solutions (m/w/d)|dornbirn, vorarlberg, austria|https://www.linkedin.com/jobs/view/4277670344
gebrüder weiss|kaufmännische*r sachbearbeiter*in - transportkoordinator*in (m/w/d)|lauterach, vorarlberg, austria|https://www.linkedin.com/jobs/view/4280072920
kiska|brand strategist & researcher|salzburg, salzburg, austria|https://www.linkedin.com/jobs/view/4208414343
materialise|research intern — generative ai program (internship)|leuven, flemish region, belgium|https://www.linkedin.com/jobs/view/4264721152
guberna - instituut voor bestuurders/institut des administrateurs|researcher|brussels, brussels region, belgium|https://www.linkedin.com/jobs/view/4253393404
semianalysis|infrastructure research intern|france|https://www.linkedin.com/jobs/view/4279751737
delta air lines|intern, it - operations research and data science - atl (summer 2026)|ga, atlanta, worldwide|https://www.linkedin.com/jobs/view/4282198967
georgia institute of technology|research intern (pin fellowship)|ga, atlanta, worldwide|https://www.linkedin.com/jobs/view/4282356419
everest carbon|r&d intern - material science|berlin, berlin, germany|https://www.linkedin.com/jobs/view/4274227154
dhl|innovation & trend research intern (m/f/x)|troisdorf, north rhine-westphalia, germany|https://www.linkedin.com/jobs/view/4258320715
tietalent|wissenschaftler*in im bereich faserlaser|ettlingen, baden-württemberg, germany|https://www.linkedin.com/jobs/view/4282779700
fraunhofer iosb|wissenschaftler*in im bereich faserlaser|ettlingen, baden-württemberg, germany|https://www.linkedin.com/jobs/view/4229595536
tietalent|intern 6g research activities (m/f/d)|munich, bavaria, germany|https://www.linkedin.com/jobs/view/4282799566
semianalysis|infrastructure research intern|germany|https://www.linkedin.com/jobs/view/4279759093
huawei|research intern/master thesis/working student for safe generative ai (m/f/d)|munich, bavaria, germany|https://www.linkedin.com/jobs/view/4166726725
huawei|dc hardware research intern (m/f/d)|munich, bavaria, germany|https://www.linkedin.com/jobs/view/4255568740
max rubner-institut|wissenschaftlerin / wissenschaftler (m/w/d)|schleswig, schleswig-holstein, germany|https://www.linkedin.com/jobs/view/4279588550
h&z management consulting|werkstudent:in knowledge & research|munich, bavaria, germany|https://www.linkedin.com/jobs/view/4272897102
census|internship vulnerability researcher|thessaloniki, central macedonia, greece|https://www.linkedin.com/jobs/view/4161577082
health service executive|hse health region - director of research dml725164 - extended|dublin, county dublin, ireland|https://www.linkedin.com/jobs/view/4269906801
hse workplace health & wellbeing|hse health region - director of research dml725164 - extended|county dublin, ireland|https://www.linkedin.com/jobs/view/4269707931
hse dublin and midlands|dml-7-25-164 hse health region – director of research|dublin, county dublin, ireland|https://www.linkedin.com/jobs/view/4267915176
werken in gelderland|bibob onderzoeker|ede, gelderland, netherlands|https://www.linkedin.com/jobs/view/4273036296
applus+ oil and gas|ndo onderzoeker in opleiding|terneuzen, zeeland, netherlands|https://www.linkedin.com/jobs/view/4277653762
erasmus mc|fellow kinder- en obstetrische anesthesiologie|rotterdam, south holland, netherlands|https://www.linkedin.com/jobs/view/4277694930
tno|consultant air quality and emissions research|utrecht, utrecht, netherlands|https://www.linkedin.com/jobs/view/4275419957
frieslandcampina|intern research optimized lactose dryer setting|veghel, north brabant, netherlands|https://www.linkedin.com/jobs/view/4210654709
yes we can clinics|oud-fellow in opleiding tot jongerencoach|hilvarenbeek, north brabant, netherlands|https://www.linkedin.com/jobs/view/4278627173
keune haircosmetics  b corp|internship hair color formulation research|soest, utrecht, netherlands|https://www.linkedin.com/jobs/view/4260851996
asml|learning and development internship: learning strategy research|veldhoven, north brabant, netherlands|https://www.linkedin.com/jobs/view/4214637990
gemeente ede|bibob onderzoeker|ede, gelderland, netherlands|https://www.linkedin.com/jobs/view/4270183613
movisie|projectleider/onderzoeker arbeidsparticipatie en waardevol werken|utrecht, utrecht, netherlands|https://www.linkedin.com/jobs/view/4271585870
philip morris international|intern in (itp) illicit trade prevention research|cracow, małopolskie, poland|https://www.linkedin.com/jobs/view/4278780499
microharvest|research internship for ornamental & marine fish|lisbon, lisbon, portugal|https://www.linkedin.com/jobs/view/4279455513
microharvest|research internship for ornamental & marine fish|lisboa, lisbon, portugal|https://www.linkedin.com/jobs/view/4186405556
nokia|first stage researcher match project (portugal)|lisbon, lisbon, portugal|https://www.linkedin.com/jobs/view/4279811962
tencent|game research and application intern|los angeles, canada|https://www.linkedin.com/jobs/view/4247550811
los angeles capital management|intern, research|los angeles, canada|https://www.linkedin.com/jobs/view/4280252989
cedars-sinai|research intern (academic credit) - mavila lab - department of medicine - per diem (on-site)|los angeles, canada|https://www.linkedin.com/jobs/view/4278299090
cedars-sinai|research intern (academic credit) - gonzales lab - department of neurology - per diem (on-site)|los angeles, canada|https://www.linkedin.com/jobs/view/4243712221
cedars-sinai|research intern (academic credit) - bottini lab - department of medicine - per diem (on-site)|los angeles, canada|https://www.linkedin.com/jobs/view/4224779916
boston consulting group (bcg)|research associate - bcg vantage, public sector (arabic speaker)|madrid, community of madrid, spain|https://www.linkedin.com/jobs/view/4259183940
boston consulting group (bcg)|research associate - bcg vantage, principal investors & private equity (german speaker)|madrid, community of madrid, spain|https://www.linkedin.com/jobs/view/4235442952
the walt disney company germany|disney research intern|zurich, zurich, switzerland|https://www.linkedin.com/jobs/view/3763193383
the walt disney company germany|disney research intern|zurich, zurich, switzerland|https://www.linkedin.com/jobs/view/3757260824
sony europe|research intern – vision foundation model & genai|schlieren, zurich, switzerland|https://www.linkedin.com/jobs/view/4183109432
roland berger|intern research|kyiv, ukraine|https://www.linkedin.com/jobs/view/4279872740
nanofiber quantum technologies|research intern (hardware)|stratford-upon-avon, england, united kingdom|https://www.linkedin.com/jobs/view/4254418199
eca international|research internship (12-week paid internship)|london, england, united kingdom|https://www.linkedin.com/jobs/view/4283172367
tencent|nlp/llm research intern|london, england, united kingdom|https://www.linkedin.com/jobs/view/4077386103
tencent|nlp/llm research intern|london, england, united kingdom|https://www.linkedin.com/jobs/view/4270695240
hirist|ai research intern|greater london, england, united kingdom|https://www.linkedin.com/jobs/view/4281036199
huawei technologies research & development (uk) ltd|research intern - nlp|london, england, united kingdom|https://www.linkedin.com/jobs/view/3975016825
level zero health|electrochemical biosensor research intern|london area, united kingdom|https://www.linkedin.com/jobs/view/4230656009
ibm|2026 sr returning intern (ibm research)|cambridge, england, united kingdom|https://www.linkedin.com/jobs/view/4269212968
movisie|onderzoeker met deskundigheid in professionalisering sociaal domein|utrecht, utrecht, netherlands|https://www.linkedin.com/jobs/view/4271591277
delft university of technology|teamleider research funding nl|delft, south holland, netherlands|https://www.linkedin.com/jobs/view/4271013526
huawei|ai architectures research for safety-related systems intern/working student (m/f/d)|munich, bavaria, germany|https://www.linkedin.com/jobs/view/4213991555
acca careers|2026 business analyst intern|wa, seattle, worldwide|https://www.linkedin.com/jobs/view/4278069698
mitre|computational finance technology and regulation analyst|bedford, morocco|https://www.linkedin.com/jobs/view/4252041982
mitre|computational finance technology and regulation analyst|va, mclean, worldwide|https://www.linkedin.com/jobs/view/4278624950
bct llc|senior information security analyst/isso (ts/sci with poly)|md, columbia, worldwide|https://www.linkedin.com/jobs/view/4267972162
amazon|2026 operations research science internship - united states, phd student science recruiting|wa, seattle, worldwide|https://www.linkedin.com/jobs/view/4279038567
research innovations incorporated|vulnerability research internship (cyber 249)|fl, st pete beach, worldwide|https://www.linkedin.com/jobs/view/4281103044
tsmc|fall 2025 - transistor device research, intern (6528)|san jose, canada|https://www.linkedin.com/jobs/view/4150915390
nec laboratories america, inc.|dsss - research intern|nj, princeton, worldwide|https://www.linkedin.com/jobs/view/4098980566
nami new hampshire (national alliance on mental illness)|nami helpline research internship|va, arlington, worldwide|https://www.linkedin.com/jobs/view/4268794136
nec laboratories america, inc.|ma - research intern|san jose, canada|https://www.linkedin.com/jobs/view/4158982194
zootampa at lowry park|behavioral research internship - winter 2025|fl, tampa, worldwide|https://www.linkedin.com/jobs/view/4270759149
penn state university|part time - student - summer science research intern|penn, panama|https://www.linkedin.com/jobs/view/4248548633
mclaurin aerospace|flight software research intern|tn, knoxville, worldwide|https://www.linkedin.com/jobs/view/4277461677
