company|title|location|link
codeway|ios developer (new grad)|istanbul, istanbul, worldwide|https://www.linkedin.com/jobs/view/4318773439
sopra steria|senior fullstack java udvikler til afdeling i vækst|copenhagen municipality, capital region of denmark, denmark|https://www.linkedin.com/jobs/view/4283431182
trifork|experienced .net developer|greater aarhus area, worldwide|https://www.linkedin.com/jobs/view/4309909012
trifork|experienced .net developer|aarhus, central denmark region, denmark|https://www.linkedin.com/jobs/view/4309599735
trifork|google cloud expert|aarhus, central denmark region, denmark|https://www.linkedin.com/jobs/view/4202020330
knowit|utvikler?|bergen, vestland, norway|https://www.linkedin.com/jobs/view/4001701789
knowit|data engineer til vårt cloud-team|oslo, oslo, norway|https://www.linkedin.com/jobs/view/4106726068
handelshøgskolen (hhn)|ingeniør – sebrafiskfasilitet|bodø, nordland, norway|https://www.linkedin.com/jobs/view/4318249630
d3|backend engineer - new grad|los angeles, canada|https://www.linkedin.com/jobs/view/4297925587
snap inc.|software engineer, backend, level 4|los angeles, canada|https://www.linkedin.com/jobs/view/4315124412
snap inc.|software engineer, backend, level 5|los angeles, canada|https://www.linkedin.com/jobs/view/4309032016
snap inc.|security engineer, infrastructure security, level 5|los angeles, canada|https://www.linkedin.com/jobs/view/4314868249
tenfifty ab|remote data scientist|gothenburg, västra götaland county, sweden|https://www.linkedin.com/jobs/view/4212682500
tenfifty ab|senior pythonutvecklare|gothenburg, västra götaland county, sweden|https://www.linkedin.com/jobs/view/4254604422
targetjobs uk|tech grad – 2026|gloucester, england, united kingdom|https://www.linkedin.com/jobs/view/4317749316
sentry|software engineer, new grad (2026)|innere stadt, vienna, austria|https://www.linkedin.com/jobs/view/4309395825
dl remote|senior system engineer|vienna, vienna, austria|https://www.linkedin.com/jobs/view/4321210790
cvation - part of skaylink|software engineer|copenhagen, capital region of denmark, denmark|https://www.linkedin.com/jobs/view/4333678798
initiate|senior data engineer|copenhagen metropolitan area, worldwide|https://www.linkedin.com/jobs/view/4333380059
lensa|new grad engineer i - summer 2026|ga, atlanta, worldwide|https://www.linkedin.com/jobs/view/4312497409
ciena|optical dsp engineer - new grad or early in career|ga, atlanta, worldwide|https://www.linkedin.com/jobs/view/4317470287
instaffo|junior system engineer|coblenz, rhineland-palatinate, germany|https://www.linkedin.com/jobs/view/4334039994
kramer & crew gmbh & co. kg|system engineer (m/w/d) service desk|cologne, north rhine-westphalia, germany|https://www.linkedin.com/jobs/view/4247672547
think about it gmbh|it-system engineer client management (m/w/d)|bochum, north rhine-westphalia, germany|https://www.linkedin.com/jobs/view/4331721746
pb consult gmbh|developer microsoft dynamics 365 business central (m/w/d)|werne an der lippe, north rhine-westphalia, germany|https://www.linkedin.com/jobs/view/4277157797
bwi gmbh|system engineer backup (m/w/d)|strausberg, brandenburg, germany|https://www.linkedin.com/jobs/view/4316311217
bwi gmbh|system engineer backup (m/w/d)|bonn, north rhine-westphalia, germany|https://www.linkedin.com/jobs/view/4316091887
bwi gmbh|system engineer backup (m/w/d)|munich, bavaria, germany|https://www.linkedin.com/jobs/view/4316096615
bwi gmbh|system engineer backup (m/w/d)|wilhelmshaven, lower saxony, germany|https://www.linkedin.com/jobs/view/4316094739
pb consult gmbh|entwickler microsoft dynamics 365 business central (m/w/d)|werne an der lippe, north rhine-westphalia, germany|https://www.linkedin.com/jobs/view/4277156858
amesto|senior/ principal developer|kristiansand, agder, norway|https://www.linkedin.com/jobs/view/4290965622
cognite|data engineering intern (summer 2026)|oslo, oslo, norway|https://www.linkedin.com/jobs/view/4318398242
swedish armed forces|systemutvecklare c#/.net|uppsala county, sweden|https://www.linkedin.com/jobs/view/4333957570
aveniq|senior devops engineer container technologies|baden, aargau, switzerland|https://www.linkedin.com/jobs/view/4317627338
targetjobs uk|halo grad scheme|stowmarket, england, united kingdom|https://www.linkedin.com/jobs/view/4303656675
evoila|technical project manager (m/f/d)|vienna, vienna, austria|https://www.linkedin.com/jobs/view/4280337537
simon-kucher|senior consultant data engineering (m/w/d)|vienna, vienna, austria|https://www.linkedin.com/jobs/view/4223037173
stadtgemeinde zistersdorf|bautechniker:in|zistersdorf, lower austria, austria|https://www.linkedin.com/jobs/view/4313303476
heidelberger druckmaschinen ag|duales hochschulstudium bachelor of science informatik (m/w/d)|kiel, flemish region, belgium|https://www.linkedin.com/jobs/view/4309539870
invitario  the smarter way to invite|customer success manager|plovdiv, plovdiv, worldwide|https://www.linkedin.com/jobs/view/4200961575
pso space|software developer|ivanić-grad, zagreb, worldwide|https://www.linkedin.com/jobs/view/4334266620
timesafe|full stack engineer|silkeborg municipality, central denmark region, denmark|https://www.linkedin.com/jobs/view/4307244273
databricks|software engineer - new grad (2026 start) - aarhus|aarhus, central denmark region, denmark|https://www.linkedin.com/jobs/view/4297744052
sopra steria|talent pipeline (uopfordret) - software engineering, tech. management & data intelligence|copenhagen municipality, capital region of denmark, denmark|https://www.linkedin.com/jobs/view/4304684332
bang & olufsen|software qa engineering - student intern / assistants (luxury audio & connected devices)|kongens lyngby, capital region of denmark, denmark|https://www.linkedin.com/jobs/view/4337376539
eg a/s|softwareudvikler|aarhus, central denmark region, denmark|https://www.linkedin.com/jobs/view/4315683115
sopra steria|talent pipeline - senior .net udvikler til afdeling i vækst|copenhagen municipality, capital region of denmark, denmark|https://www.linkedin.com/jobs/view/4308967816
rittal danmark|sales specialist - energy & power|vallensbæk strand, capital region of denmark, denmark|https://www.linkedin.com/jobs/view/4248442139
trifork|experienced android/kotlin mobile-developer|aarhus, central denmark region, denmark|https://www.linkedin.com/jobs/view/4331748853
cercare medical|lead devops engineer hos cercare medical|aarhus, central denmark region, denmark|https://www.linkedin.com/jobs/view/4337946637
monsalta|forretningsudvikler med netværk i den offentlige sektor|hørsholm municipality, capital region of denmark, denmark|https://www.linkedin.com/jobs/view/4017536795
tietoevry|senior project manager- tietoevry industry (m/f/d)|copenhagen municipality, capital region of denmark, denmark|https://www.linkedin.com/jobs/view/4307654187
career  a jks company|automatikspecialist|vipperød, region zealand, denmark|https://www.linkedin.com/jobs/view/4310272842
forsvaret|søger du en strategisk partner? bliv vores engageret og drevne medarbejder med det klare overblik og stærke færdigheder!|copenhagen metropolitan area, worldwide|https://www.linkedin.com/jobs/view/4318382107
bankdata|senior db2 engineer - mainframe dba|fredericia, region of southern denmark, denmark|https://www.linkedin.com/jobs/view/4311381546
envidan denmark|senior maskiningeniør/maskinmester til vandbranchen|aarhus, central denmark region, denmark|https://www.linkedin.com/jobs/view/4301305402
envidan denmark|senior maskiningeniør til nogle af de største anlægsprojekter i vandbranchen|aalborg, north denmark region, denmark|https://www.linkedin.com/jobs/view/4301193646
eg a/s|supportkonsulent til eg bolig – med flair for regnskab og kundeservice|aarhus, central denmark region, denmark|https://www.linkedin.com/jobs/view/4303048007
aarhus universitetshospital|bioinformatikere søges til en eller flere faste stillinger inden for personlig medicin og omics analyser, molekylær medicinsk afdeling, aarhus universitetshospital|aarhus, central denmark region, denmark|https://www.linkedin.com/jobs/view/4337497446
arm|graduate cpu microarchitecture modelling and performance analysis|sophia antipolis, provence-alpes-côte d'azur, france|https://www.linkedin.com/jobs/view/4312897408
qgenda|implementation consultant - 2025 new grad|ga, atlanta, worldwide|https://www.linkedin.com/jobs/view/4312177194
lensa|software engineer intern summer 2026 - atlanta, ga|ga, atlanta, worldwide|https://www.linkedin.com/jobs/view/4290464448
ciena|waveserver software developer - new grad|ga, atlanta, worldwide|https://www.linkedin.com/jobs/view/4315226937
hntb|new grad engineer i - summer 2026|ga, atlanta, worldwide|https://www.linkedin.com/jobs/view/4314813636
the intersect group|business development representative|ga, atlanta, worldwide|https://www.linkedin.com/jobs/view/4310008182
renesas electronics|principal digital design engineer|ga, duluth, worldwide|https://www.linkedin.com/jobs/view/4309695510
cargill|software engineer intern summer 2026 - atlanta, ga|ga, atlanta, worldwide|https://www.linkedin.com/jobs/view/4285580468
agnes scott college|graduate admission counselor|ga, decatur, worldwide|https://www.linkedin.com/jobs/view/4298788124
inside higher ed|graduate program administrator|ga, athens, worldwide|https://www.linkedin.com/jobs/view/4334791968
bge, inc.|atlanta - land/site development, new grad|ga, kennesaw, worldwide|https://www.linkedin.com/jobs/view/4312991626
burns & mcdonnell|energy & utilities analyst, electrical engineer - 1898 & co. (atlanta)|ga, atlanta, worldwide|https://www.linkedin.com/jobs/view/4298801059
burns & mcdonnell|assistant civil engineer - transmission (multiple locations)|ga, atlanta, worldwide|https://www.linkedin.com/jobs/view/4295709819
burns & mcdonnell|energy & utilities analyst, electrical engineer - 1898 & co. (atlanta)|ga, atlanta, worldwide|https://www.linkedin.com/jobs/view/4015165684
1898 & co.|energy & utilities analyst, electrical engineer - 1898 & co. (atlanta)|ga, atlanta, worldwide|https://www.linkedin.com/jobs/view/4017904064
1898 & co.|energy & utilities analyst, mechanical engineer- 1898 & co. (atlanta)|ga, atlanta, worldwide|https://www.linkedin.com/jobs/view/4295968915
burns & mcdonnell|assistant civil/structural engineer - transmission & distribution (atlanta)|ga, atlanta, worldwide|https://www.linkedin.com/jobs/view/4297192316
1898 & co.|energy & utilities analyst, electrical engineer - 1898 & co. (atlanta)|ga, atlanta, worldwide|https://www.linkedin.com/jobs/view/4297039277
burns & mcdonnell|assistant structural engineer - aviation & federal (atlanta)|ga, atlanta, worldwide|https://www.linkedin.com/jobs/view/4281881706
pt solutions physical therapy|physical therapist - outpatient|ga, alpharetta, worldwide|https://www.linkedin.com/jobs/view/4318922454
pt solutions physical therapy|physical therapist - outpatient|ga, alpharetta, worldwide|https://www.linkedin.com/jobs/view/4337963997
pt solutions physical therapy|physical therapist - outpatient|ga, cartersville, worldwide|https://www.linkedin.com/jobs/view/4313085264
pt solutions physical therapy|physical therapist - outpatient|ga, chatsworth, worldwide|https://www.linkedin.com/jobs/view/4337959025
databricks|software engineer - new grad (2026 start)|berlin, berlin, germany|https://www.linkedin.com/jobs/view/4297749056
doctolib|product marketing manager (x/f/m)|berlin, germany|https://www.linkedin.com/jobs/view/4198240749
thinkred|it-supporter (m/w/d)|bad soden am taunus, hesse, germany|https://www.linkedin.com/jobs/view/4318413610
cetos services ag|it-supporter (m/w/d) gesucht|berlin, berlin, germany|https://www.linkedin.com/jobs/view/4337832653
telli|forward deployed engineer (ai)|berlin, berlin, germany|https://www.linkedin.com/jobs/view/4317435245
robotron datenbank-software gmbh|linux administrator (m/w/d)|dresden, saxony, germany|https://www.linkedin.com/jobs/view/4227570601
mayflower gmbh|senior fullstack engineer*in (w/d/m)|munich, bavaria, germany|https://www.linkedin.com/jobs/view/4136131521
mayflower gmbh|senior backend entwickler*in mit java, spring boot (w/d/m)|munich, bavaria, germany|https://www.linkedin.com/jobs/view/4334153878
mayflower gmbh|senior backend entwickler*in mit java, spring boot (w/d/m)|munich, bavaria, germany|https://www.linkedin.com/jobs/view/4334342218
mayflower gmbh|senior backend entwickler*in in java, spring boot (w/d/m)|würzburg, bavaria, germany|https://www.linkedin.com/jobs/view/4334262702
mayflower gmbh|senior backend entwickler*in mit java, spring boot (w/d/m)|munich, bavaria, germany|https://www.linkedin.com/jobs/view/4334361936
mayflower gmbh|senior fullstack engineer*in (w/d/m)|würzburg, bavaria, germany|https://www.linkedin.com/jobs/view/3999082213
mayflower gmbh|senior python engineer*in mit schwerpunkt genai (w/d/m)|munich, bavaria, germany|https://www.linkedin.com/jobs/view/3993236571
arvana gmbh|founders associate (m/w/d)|berlin, berlin, germany|https://www.linkedin.com/jobs/view/4318476610
kommit gesellschaft für informationstechnik mbh|junior account manager (mwd)  region ost|cologne, north rhine-westphalia, germany|https://www.linkedin.com/jobs/view/4195451667
mayflower gmbh|senior python engineer*in mit schwerpunkt genai (w/d/m)|würzburg, bavaria, germany|https://www.linkedin.com/jobs/view/3993263129
carl|m&a intern ab 2026 (m/w/d)|berlin, berlin, germany|https://www.linkedin.com/jobs/view/4027789640
swiss life lebensversicherung se|enterprise architect (m/w/d)|hannover, lower saxony, germany|https://www.linkedin.com/jobs/view/4319165224
u2d  up2date solutions gmbh|projektmanager event-software (m/w/d) u2d ventari|nuremberg, bavaria, germany|https://www.linkedin.com/jobs/view/4307222620
datadiorama - it systemhaus für potsdam|netzwerk- und systemadministrator*in (m/w/d)|potsdam, brandenburg, germany|https://www.linkedin.com/jobs/view/4316753347
hoyer|kaufmännischer sachbearbeiter (m/w/d) im backoffice in berlin|berlin, berlin, germany|https://www.linkedin.com/jobs/view/4309995666
conny|customer-care-specialist (m/w/d)|berlin, berlin, germany|https://www.linkedin.com/jobs/view/4124578254
kertos|office manager & teamassistenz (all genders)|munich, bavaria, germany|https://www.linkedin.com/jobs/view/4305868634
deutsche bank|quantitative strategist manager (d/m/w) – (risk & regulatory calculations and reporting)|frankfurt, hesse, germany|https://www.linkedin.com/jobs/view/4312353266
oscar gmbh|praktikum als junior consultant (m/w/d) im bereich it & softwaremanagement|cologne, north rhine-westphalia, germany|https://www.linkedin.com/jobs/view/3979192153
simon-kucher|senior consultant data engineering (m/w/d)|bonn, north rhine-westphalia, germany|https://www.linkedin.com/jobs/view/4221531741
hwa ag|payroll specialist (m/w/d)|affalterbach, baden-württemberg, germany|https://www.linkedin.com/jobs/view/4315905456
talention|trainee sales (gn)|wuppertal, north rhine-westphalia, germany|https://www.linkedin.com/jobs/view/4264470957
everfield|business integration manager dach|germany|https://www.linkedin.com/jobs/view/4316316765
belform|junior projekteinkäufer (m/w/d) in vollzeit|munich, bavaria, germany|https://www.linkedin.com/jobs/view/4319496360
optimus search|team lead - data science - stuttgart area, germany - up to €100,000 + bonus (d / m / w)|stuttgart region, worldwide|https://www.linkedin.com/jobs/view/4250393161
everfield|strategic business partner dach|germany|https://www.linkedin.com/jobs/view/4316324606
mann+hummel|global solution architect network security (m/w/d)|ludwigsburg, baden-württemberg, germany|https://www.linkedin.com/jobs/view/4303510690
everfield|portfolio operations manager dach|germany|https://www.linkedin.com/jobs/view/4316324608
arvana gmbh|key account manager (m/w/d)|berlin, berlin, germany|https://www.linkedin.com/jobs/view/4334222765
1komma5°|inside sales coordinator (m/w/d) für intelligente energiesysteme - 1komma5° kassel|kassel, hesse, germany|https://www.linkedin.com/jobs/view/4306536867
bettercallpaul|abschlussarbeit bachelor/master: clouds|haar, bavaria, germany|https://www.linkedin.com/jobs/view/4296222625
hoyer|kaufmännischer sachbearbeiter (m/w/d) im backoffice in großenstein|braunichswalde, thuringia, germany|https://www.linkedin.com/jobs/view/4312424879
pechschwarz®|kopie von senior art director / creative director (m/w/d)|wuppertal, north rhine-westphalia, germany|https://www.linkedin.com/jobs/view/4127174549
think about it gmbh|service desk spezialist - onsite in köln (m/w/d)|cologne, north rhine-westphalia, germany|https://www.linkedin.com/jobs/view/4331723647
kramer & crew gmbh & co. kg|mitarbeiter*in im projektoffice|cologne, north rhine-westphalia, germany|https://www.linkedin.com/jobs/view/4337486921
iabg|senior projektleiter software engineering (m/w/d)|ottobrunn, bavaria, germany|https://www.linkedin.com/jobs/view/4244037018
simtech - cluster of excellence  university of stuttgart|wissenschaftlicher mitarbeiter (m/w/d) im bereich integrations- und systemtests für virtualisierte echtzeitsteuerungen|stuttgart region, worldwide|https://www.linkedin.com/jobs/view/4309753778
shimadzu deutschland gmbh|service ingenieur*in / techniker*in lc/lc-ms|munich, bavaria, germany|https://www.linkedin.com/jobs/view/4311986972
ohb digital services gmbh|proposal manager für satellitendatenservices / resilienz (m/w/d) (m/w/d)|bremen, bremen, germany|https://www.linkedin.com/jobs/view/4314080310
iso-gruppe|it sales consultant (m/w/d) sap add-ons & data quality|frankfurt am main, hesse, germany|https://www.linkedin.com/jobs/view/4320243547
konzmann gruppe|technischer systemplaner (m/w/d)|villingen, baden-württemberg, germany|https://www.linkedin.com/jobs/view/4316210420
swiss life deutschland|enterprise architect (m/w/d)|hannover, lower saxony, germany|https://www.linkedin.com/jobs/view/4318017838
stf gruppe|vermessungstechniker mobile mapping (m/w/d)|korntal-münchingen, baden-württemberg, germany|https://www.linkedin.com/jobs/view/4318048420
stf gruppe|vermessungstechniker mobile mapping (m/w/d)|fulda, hesse, germany|https://www.linkedin.com/jobs/view/4312283293
bobco gmbh|full-stack erp consultant für prozessberatung & odoo implementierung|berlin, germany|https://www.linkedin.com/jobs/view/4333157297
kramer & crew gmbh & co. kg|account manager*in (m/w/d)|cologne, north rhine-westphalia, germany|https://www.linkedin.com/jobs/view/4263036834
stf gruppe|vermessungstechniker mobile mapping (m/w/d)|radebeul, saxony, germany|https://www.linkedin.com/jobs/view/4312270421
helios kliniken gmbh|hr-projektmanager (m/w/d)|berlin, berlin, germany|https://www.linkedin.com/jobs/view/4294517269
stf gruppe|vermessungstechniker mobile mapping (m/w/d)|eschborn, hesse, germany|https://www.linkedin.com/jobs/view/4318066333
lpe immobilien management gmbh|buchhaltung im immobilienmanagement (voll-/teilzeit)|munich, bavaria, germany|https://www.linkedin.com/jobs/view/4337702058
lapp group|duales studium: bwl-digital business management|stuttgart, baden-württemberg, germany|https://www.linkedin.com/jobs/view/4292901876
wayss & freytag ingenieurbau ag|junior arbeitsvorbereiter (m/w/d)|munich, bavaria, germany|https://www.linkedin.com/jobs/view/4302588339
synpulse8 deutschland gmbh|vertriebsunterstützung (innendienst) (m/w/d)|ulm, baden-württemberg, germany|https://www.linkedin.com/jobs/view/4317242491
etl-gruppe|steuerassistent (m/w/d)|bremen, bremen, germany|https://www.linkedin.com/jobs/view/4289611525
ascom americas|regional marketing specialist dach (m/w/d) - befristet für 1 jahr|frankfurt rhine-main metropolitan area, worldwide|https://www.linkedin.com/jobs/view/4261601468
schwarz digits|übersetzer/posteditor (all genders) deutsch-spanisch|germany|https://www.linkedin.com/jobs/view/4320946125
etl-gruppe|steuerfachangestellter (m/w/d)|bremen, bremen, germany|https://www.linkedin.com/jobs/view/4289615418
zeiss group|expert architect embedded product software (m/w/x)|oberkochen, baden-württemberg, germany|https://www.linkedin.com/jobs/view/4314152068
netto marken-discount|sachbearbeiter e-commerce (m/w/d)|regensburg, bavaria, germany|https://www.linkedin.com/jobs/view/4240044460
holidu|sales manager ostsee (w/m/d)|hamburg, hamburg, germany|https://www.linkedin.com/jobs/view/4333757943
inspiralia deutschland gmbh|consultant für fördermittel in deutschland|berlin, germany|https://www.linkedin.com/jobs/view/4318038857
etl-gruppe|steuerfachangestellter (m/w/d)|bremen, bremen, germany|https://www.linkedin.com/jobs/view/4289613503
kaufland e-commerce|übersetzer/posteditor (all genders) deutsch-schwedisch|germany|https://www.linkedin.com/jobs/view/4334213114
kaufland e-commerce|übersetzer/posteditor (all genders) deutsch-niederländisch|germany|https://www.linkedin.com/jobs/view/4334243071
kaufland e-commerce|übersetzer/posteditor (all genders) deutsch-portugiesisch|germany|https://www.linkedin.com/jobs/view/4334193171
bwi gmbh|duales studium zum bachelor of science in wirtschaftsinformatik ki & data science inkl. ausbildung zum fachinformatiker anwendungsentwicklung (m/w/d)|munich, bavaria, germany|https://www.linkedin.com/jobs/view/4303079477
bwi gmbh|duales studium zum bachelor of science in wirtschaftsinformatik ki & data science inkl. ausbildung zum fachinformatiker systemintegration (m/w/d)|frankfurt am main, hesse, germany|https://www.linkedin.com/jobs/view/4303079478
bwi gmbh|duales studium zum bachelor of science in wirtschaftsinformatik ki & data science inkl. ausbildung zum fachinformatiker anwendungsentwicklung (m/w/d)|bonn, north rhine-westphalia, germany|https://www.linkedin.com/jobs/view/4303073508
bwi gmbh|duales studium zum bachelor of science in wirtschaftsinformatik cyber security inkl. ausbildung zum fachinformatiker anwendungsentwicklung (m/w/d)|strausberg, brandenburg, germany|https://www.linkedin.com/jobs/view/4303085375
bwi gmbh|duales studium zum bachelor of science in wirtschaftsinformatik ki & data science inkl. ausbildung zum fachinformatiker systemintegration (m/w/d)|leipzig, saxony, germany|https://www.linkedin.com/jobs/view/4303091277
continentale versicherung|duales studium wirtschaftsinformatik an der th rosenheim, bachelor of science|munich, bavaria, germany|https://www.linkedin.com/jobs/view/4312137361
bwi gmbh|duales studium zum bachelor of science in wirtschaftsinformatik ki & data science inkl. ausbildung zum fachinformatiker anwendungsentwicklung (m/w/d)|wilhelmshaven, lower saxony, germany|https://www.linkedin.com/jobs/view/4303074512
arm|graduate software engineer|budapest, budapest, hungary|https://www.linkedin.com/jobs/view/4307639496
stripe|software engineer, new grad|dublin, county dublin, ireland|https://www.linkedin.com/jobs/view/4294949931
stripe|backend engineer/api, payments and risk|dublin, county dublin, ireland|https://www.linkedin.com/jobs/view/4289317979
arm|graduate engineer|galway, county galway, ireland|https://www.linkedin.com/jobs/view/4320484657
ryanair - europe's favourite airline|grad programme – labs|dublin, county dublin, ireland|https://www.linkedin.com/jobs/view/4309853666
stripe|full stack engineer, payments and risk|dublin, county dublin, ireland|https://www.linkedin.com/jobs/view/4290602097
targetjobs uk|graduate engineer|galway, county galway, ireland|https://www.linkedin.com/jobs/view/4320612664
stripe|full stack engineer, revenue and finance automation|dublin, county dublin, ireland|https://www.linkedin.com/jobs/view/4289951056
godfrey north|commercial economist|dublin, county dublin, ireland|https://www.linkedin.com/jobs/view/4337779610
analog devices|fy26 software engineering graduate opportunities|limerick, county limerick, ireland|https://www.linkedin.com/jobs/view/4314384496
analog devices|fy26 electronic engineering graduate opportunities|limerick, county limerick, ireland|https://www.linkedin.com/jobs/view/4314380619
schweitzer|it helpdesk mitarbeiter:in (w/m/x)|naturno, trentino-alto adige, italy|https://www.linkedin.com/jobs/view/4262232744
databricks|software engineer - new grad (2026 start)|amsterdam, north holland, netherlands|https://www.linkedin.com/jobs/view/4297756009
uber|grad 2025 software engineer i, maps, amsterdam|amsterdam, north holland, netherlands|https://www.linkedin.com/jobs/view/4333888010
arm|graduate performance analysis engineer|trondheim, trøndelag, norway|https://www.linkedin.com/jobs/view/4299390417
arm|graduate graphics software engineer, vulkan team|trondheim, trøndelag, norway|https://www.linkedin.com/jobs/view/4307059664
plorea|key account manager|trondheim, trøndelag, norway|https://www.linkedin.com/jobs/view/4314376088
24sevenoffice|product owner|greater oslo region, worldwide|https://www.linkedin.com/jobs/view/4318029122
era group - emea|supply chain manager|norway|https://www.linkedin.com/jobs/view/4303515963
skretting|senior automasjonsingeniør|stavanger, rogaland, norway|https://www.linkedin.com/jobs/view/4331734876
honeywell|servicetekniker - brann|bergen, vestland, norway|https://www.linkedin.com/jobs/view/4312731234
stripe|software engineer, new grad|bucharest, bucharest, romania|https://www.linkedin.com/jobs/view/4294962318
undelucram.ro|inginer proiectant sisteme electrice|bucharest, bucharest, romania|https://www.linkedin.com/jobs/view/4284807073
hipo.ro|inginer proiectant sisteme electrice|ilfov, romania|https://www.linkedin.com/jobs/view/4295087931
hipo.ro|inginer proiectant - parc eolian buzau|ilfov, romania|https://www.linkedin.com/jobs/view/4315324839
mbk power energy|inginer proiectant – domeniul energetic|cluj, romania|https://www.linkedin.com/jobs/view/4316758633
ziprecruiter|software engineer - new grad|santa monica, canada|https://www.linkedin.com/jobs/view/4307938042
d3|frontend engineer - new grad|los angeles, canada|https://www.linkedin.com/jobs/view/4298288410
freeform|software engineer (new grad january 2026)|los angeles, canada|https://www.linkedin.com/jobs/view/4295711788
freeform|software engineer (new grad summer 2026)|los angeles, canada|https://www.linkedin.com/jobs/view/4293339453
graymatter robotics|robotics engineer: software, new grad|los angeles metropolitan area, worldwide|https://www.linkedin.com/jobs/view/4278671526
d3|digital marketing associate - new grad|los angeles, canada|https://www.linkedin.com/jobs/view/4298262308
graymatter robotics|robotics engineer: software, new grad|los angeles metropolitan area, worldwide|https://www.linkedin.com/jobs/view/4278669713
freeform|mechanical engineer (new grad summer 2026)|los angeles, canada|https://www.linkedin.com/jobs/view/4290886690
snap inc.|software engineer c++, level 4|los angeles, canada|https://www.linkedin.com/jobs/view/4305240174
freeform|electrical engineer (new grad january 2026)|los angeles, canada|https://www.linkedin.com/jobs/view/4296326791
imeg|structural engineering new grad  pasadena, ca|pasadena, canada|https://www.linkedin.com/jobs/view/4294887420
freeform|electrical engineer (new grad summer 2026)|los angeles, canada|https://www.linkedin.com/jobs/view/4293507682
radiant system|mechanical engineer - 2026 new grad (fluid systems, mechanisms, or structures)|el segundo, canada|https://www.linkedin.com/jobs/view/4300088631
freeform|manufacturing engineer (new grad summer 2026)|los angeles, canada|https://www.linkedin.com/jobs/view/4293513497
directv|2026 directv content internship|el segundo, canada|https://www.linkedin.com/jobs/view/4301540234
imeg|structural engineering new grad  los angeles, ca|los angeles, canada|https://www.linkedin.com/jobs/view/4294889388
pcl construction|field engineer- new grad 2026|los angeles, canada|https://www.linkedin.com/jobs/view/4312913952
hntb|wed - 2026 new grad civil engineer i (for current/previous hntb interns only)|los angeles, canada|https://www.linkedin.com/jobs/view/4282327041
the aerospace corporation|2026 software tools and assurance grad intern|el segundo, canada|https://www.linkedin.com/jobs/view/4337348815
rosendin|electrical bim modeler i|anaheim, canada|https://www.linkedin.com/jobs/view/4312904967
rosendin|electrical engineer iii|anaheim, canada|https://www.linkedin.com/jobs/view/4312917318
california therapy services|home health physical therapist assistant (pta)|torrance, canada|https://www.linkedin.com/jobs/view/4320486392
california therapy services|home health physical therapist assistant (ot)|baldwin park, canada|https://www.linkedin.com/jobs/view/4319136624
california therapy services|home health speech therapist (slp)|pasadena, canada|https://www.linkedin.com/jobs/view/4318627275
snap inc.|senior manager, privacy engineering|los angeles, canada|https://www.linkedin.com/jobs/view/4190163103
hntb|wed - 2026 new grad planner i (for current/previous hntb interns only)|los angeles, canada|https://www.linkedin.com/jobs/view/4281410530
california therapy services|home health speech therapist (slp)|altadena, canada|https://www.linkedin.com/jobs/view/4323927336
california therapy services|home health speech therapist (slp)|inglewood, canada|https://www.linkedin.com/jobs/view/4316407812
california therapy services|home health speech therapist (slp)|santa monica, canada|https://www.linkedin.com/jobs/view/4320436413
california therapy services|home health speech therapist (slp)|los angeles, canada|https://www.linkedin.com/jobs/view/4314556693
california therapy services|home health speech therapist (slp)|los angeles, canada|https://www.linkedin.com/jobs/view/4317711482
california therapy services|home health speech therapist (slp)|culver city, canada|https://www.linkedin.com/jobs/view/4315516418
california therapy services|home health speech therapist (slp)|view park–windsor hills, canada|https://www.linkedin.com/jobs/view/4315061548
california therapy services|home health speech therapist (slp)|los angeles, canada|https://www.linkedin.com/jobs/view/4312199197
california therapy services|home health speech therapist (slp)|los angeles, canada|https://www.linkedin.com/jobs/view/4312184985
california therapy services|home health speech therapist (slp)|pomona, canada|https://www.linkedin.com/jobs/view/4318845086
california therapy services|home health speech therapist (slp)|anaheim, canada|https://www.linkedin.com/jobs/view/4315512442
california therapy services|home health occupational therapist (ot)|torrance, canada|https://www.linkedin.com/jobs/view/4315504787
california therapy services|home health speech therapist (slp)|la crescenta-montrose, canada|https://www.linkedin.com/jobs/view/4312190754
california therapy services|home health occupational therapist (ot)|carson, canada|https://www.linkedin.com/jobs/view/4316171444
california therapy services|home health speech therapist (slp)|los angeles, canada|https://www.linkedin.com/jobs/view/4312869472
california therapy services|home health speech therapist (slp)|los angeles, canada|https://www.linkedin.com/jobs/view/4312868438
california therapy services|home health speech therapist (slp)|los angeles, canada|https://www.linkedin.com/jobs/view/4312600187
california therapy services|home health occupational therapist (ot)|los angeles, canada|https://www.linkedin.com/jobs/view/4310998594
california therapy services|home health occupational therapist (ot)|los angeles, canada|https://www.linkedin.com/jobs/view/4312879145
california therapy services|home health occupational therapist (ot)|los angeles, canada|https://www.linkedin.com/jobs/view/4312189749
california therapy services|home health occupational therapist (ot)|los angeles, canada|https://www.linkedin.com/jobs/view/4312606016
california therapy services|home health occupational therapist (ot)|norwalk, canada|https://www.linkedin.com/jobs/view/4315047935
california therapy services|home health occupational therapist (ot)|duarte, canada|https://www.linkedin.com/jobs/view/4314563604
california therapy services|home health occupational therapist (ot)|yorba linda, canada|https://www.linkedin.com/jobs/view/4320158451
california therapy services|home health occupational therapist (ot)|bell gardens, canada|https://www.linkedin.com/jobs/view/4313535367
california therapy services|home health occupational therapist assistant (cota)|san gabriel, canada|https://www.linkedin.com/jobs/view/4317703769
california therapy services|home health occupational therapist (ot)|pomona, canada|https://www.linkedin.com/jobs/view/4319472578
california therapy services|home health occupational therapist assistant (cota)|alhambra, canada|https://www.linkedin.com/jobs/view/4316174415
california therapy services|home health occupational therapist (ot)|glendale, canada|https://www.linkedin.com/jobs/view/4317705789
california therapy services|home health occupational therapist (ot)|los angeles, canada|https://www.linkedin.com/jobs/view/4317709631
california therapy services|home health occupational therapist (ot)|santa monica, canada|https://www.linkedin.com/jobs/view/4320765071
california therapy services|home health occupational therapist (ot)|commerce, canada|https://www.linkedin.com/jobs/view/4312882003
california therapy services|home health occupational therapist assistant (cota)|los angeles, canada|https://www.linkedin.com/jobs/view/4312813707
california therapy services|home health occupational therapist (ot)|los angeles, canada|https://www.linkedin.com/jobs/view/4319875189
california therapy services|home health occupational therapist (ot)|compton, canada|https://www.linkedin.com/jobs/view/4320360618
california therapy services|home health speech therapist (slp)|los angeles, canada|https://www.linkedin.com/jobs/view/4321134720
california therapy services|home health occupational therapist (ot)|view park–windsor hills, canada|https://www.linkedin.com/jobs/view/4321023124
california therapy services|home health occupational therapist (ot)|monterey park, canada|https://www.linkedin.com/jobs/view/4318632070
california therapy services|home health occupational therapist  (ot)|santa monica, canada|https://www.linkedin.com/jobs/view/4321224630
california therapy services|home health occupational therapist (ot)|altadena, canada|https://www.linkedin.com/jobs/view/4318884295
california therapy services|home health occupational therapist assistant (cota)|los angeles, canada|https://www.linkedin.com/jobs/view/4316159372
california therapy services|home health occupational therapist (ot)|los angeles, canada|https://www.linkedin.com/jobs/view/4320266627
california therapy services|home health occupational therapist (ot)|los angeles, canada|https://www.linkedin.com/jobs/view/4319945083
california therapy services|home health occupational therapist (ot)|los angeles, canada|https://www.linkedin.com/jobs/view/4320675481
california therapy services|home health occupational therapist (ot)|los angeles, canada|https://www.linkedin.com/jobs/view/4320877882
california therapy services|home health occupational therapist (ot)|los angeles, canada|https://www.linkedin.com/jobs/view/4320901420
california therapy services|home health occupational therapist (ot)|los angeles, canada|https://www.linkedin.com/jobs/view/4320957882
california therapy services|home health physical therapist (pt)|yorba linda, canada|https://www.linkedin.com/jobs/view/4320366817
california therapy services|home health occupational therapist (ot) west covina|west covina, canada|https://www.linkedin.com/jobs/view/4315780266
california therapy services|home health occupational therapist (ot)|anaheim, canada|https://www.linkedin.com/jobs/view/4320831528
california therapy services|home health occupational therapist assistant (cota)|los angeles, canada|https://www.linkedin.com/jobs/view/4320887932
california therapy services|home health physical therapist assistant (pta)|east los angeles, canada|https://www.linkedin.com/jobs/view/4318886255
california therapy services|home health physical therapist assistant (pta)|glendale, canada|https://www.linkedin.com/jobs/view/4315764793
california therapy services|home health physical therapist assistant (pta)|los angeles, canada|https://www.linkedin.com/jobs/view/4316634372
california therapy services|home health physical therapist assistant (pta)|los angeles, canada|https://www.linkedin.com/jobs/view/4319482637
california therapy services|home health physical therapist assistant (pta)|los angeles, canada|https://www.linkedin.com/jobs/view/4319442728
california therapy services|home health physical therapist assistant (pta)|los angeles, canada|https://www.linkedin.com/jobs/view/4319905247
california therapy services|home health physical therapist assistant (pta)|los angeles, canada|https://www.linkedin.com/jobs/view/4318874783
california therapy services|home health physical therapist assistant (pta)|west covina, canada|https://www.linkedin.com/jobs/view/4316437153
california therapy services|home health physical therapist assistant (pta)|east los angeles, canada|https://www.linkedin.com/jobs/view/4315051841
california therapy services|home health physical therapist assistant (pta)|los angeles, canada|https://www.linkedin.com/jobs/view/4312861730
california therapy services|home health physical therapist assistant (pta)|monterey park, canada|https://www.linkedin.com/jobs/view/4321234491
california therapy services|home health physical therapist assistant (pta)|inglewood, canada|https://www.linkedin.com/jobs/view/4316621888
california therapy services|home health physical therapist assistant (pta)|los angeles, canada|https://www.linkedin.com/jobs/view/4320776738
california therapy services|home health physical therapist (pt)|arcadia, canada|https://www.linkedin.com/jobs/view/4320350692
california therapy services|home health physical therapist assistant (pta)|compton, canada|https://www.linkedin.com/jobs/view/4320133077
california therapy services|home health physical therapist assistant (pta)|hawthorne, canada|https://www.linkedin.com/jobs/view/4311806206
california therapy services|home health physical therapist (pt)|los angeles, canada|https://www.linkedin.com/jobs/view/4320540172
california therapy services|home health physical therapist assistant (pta)|marina del rey, canada|https://www.linkedin.com/jobs/view/4319315700
california therapy services|home health physical therapist (pt)|vernon, canada|https://www.linkedin.com/jobs/view/4320329531
california therapy services|home health physical therapist assistant (pta)|santa monica, canada|https://www.linkedin.com/jobs/view/4318856059
california therapy services|home health physical therapist (pt)|pomona, canada|https://www.linkedin.com/jobs/view/4312186944
california therapy services|home health physical therapist (pt)|diamond bar, canada|https://www.linkedin.com/jobs/view/4312872334
california therapy services|home health physical therapist (pt)|manhattan beach, canada|https://www.linkedin.com/jobs/view/4320133071
california therapy services|home health physical therapist (pt)|inglewood, canada|https://www.linkedin.com/jobs/view/4313545047
california therapy services|home health physical therapist (pt)|santa monica, canada|https://www.linkedin.com/jobs/view/4318893211
california therapy services|home health physical therapist (pt)|downey, canada|https://www.linkedin.com/jobs/view/4315050800
california therapy services|home health physical therapist (pt)|marina del rey, canada|https://www.linkedin.com/jobs/view/4313598524
california therapy services|home health physical therapist (pt)|los angeles, canada|https://www.linkedin.com/jobs/view/4310997608
california therapy services|home health physical therapist (pt)|los angeles, canada|https://www.linkedin.com/jobs/view/4311200573
california therapy services|home health physical therapist (pt)|los angeles, canada|https://www.linkedin.com/jobs/view/4311201520
california therapy services|home health physical therapist (pt)|los angeles, canada|https://www.linkedin.com/jobs/view/4315501949
california therapy services|home health physical therapist (pt)|bell gardens, canada|https://www.linkedin.com/jobs/view/4312880120
california therapy services|home health physical therapist (pt)|inglewood, canada|https://www.linkedin.com/jobs/view/4318623448
california therapy services|home health physical therapist (pt)|los angeles, canada|https://www.linkedin.com/jobs/view/4313539072
california therapy services|home health physical therapist (pt)|compton, canada|https://www.linkedin.com/jobs/view/4333483761
california therapy services|home health physical therapist (pt)|los angeles, canada|https://www.linkedin.com/jobs/view/4316426195
california therapy services|home health physical therapist (pt)|beverly hills, canada|https://www.linkedin.com/jobs/view/4333463811
california therapy services|home health physical therapist (pt)|glendora, canada|https://www.linkedin.com/jobs/view/4311812127
california therapy services|home health physical therapist (pt)|downey, canada|https://www.linkedin.com/jobs/view/4316628628
california therapy services|home health physical therapist (pt)|los angeles, canada|https://www.linkedin.com/jobs/view/4315784135
california therapy services|home health physical therapist (pt)|los angeles, canada|https://www.linkedin.com/jobs/view/4319985221
california therapy services|home health physical therapist (pt)|los angeles, canada|https://www.linkedin.com/jobs/view/4319905240
california therapy services|home health physical therapist (pt)|los angeles, canada|https://www.linkedin.com/jobs/view/4320045041
california therapy services|home health physical therapist (pt)|los angeles, canada|https://www.linkedin.com/jobs/view/4320325266
california therapy services|home health physical therapist (pt)|los angeles, canada|https://www.linkedin.com/jobs/view/4320216024
california therapy services|home health physical therapist (pt)|los angeles, canada|https://www.linkedin.com/jobs/view/4320305841
california therapy services|home health physical therapist (pt)|montebello, canada|https://www.linkedin.com/jobs/view/4318857035
california therapy services|home health physical therapist (pt)|east los angeles, canada|https://www.linkedin.com/jobs/view/4318855064
california therapy services|home health physical therapist (pt)|west hollywood, canada|https://www.linkedin.com/jobs/view/4319389724
california therapy services|home health physical therapist (pt)|los angeles, canada|https://www.linkedin.com/jobs/view/4320146885
california therapy services|home health physical therapist (pt)|los angeles, canada|https://www.linkedin.com/jobs/view/4318824110
california therapy services|home health physical therapist (pt)|baldwin park, canada|https://www.linkedin.com/jobs/view/4319945077
california therapy services|home health physical therapist (pt)|huntington park, canada|https://www.linkedin.com/jobs/view/4320993541
california therapy services|home health physical therapist (pt)|los angeles, canada|https://www.linkedin.com/jobs/view/4320928097
california therapy services|home health physical therapist (pt)|los angeles, canada|https://www.linkedin.com/jobs/view/4320285874
california therapy services|home health physical therapist (pt)|culver city, canada|https://www.linkedin.com/jobs/view/4320715227
california therapy services|home health physical therapist (pt)|los angeles, canada|https://www.linkedin.com/jobs/view/4320116426
california therapy services|home health physical therapist (pt)|anaheim, canada|https://www.linkedin.com/jobs/view/4320901419
california therapy services|home health physical therapist (pt)|burbank, canada|https://www.linkedin.com/jobs/view/4320931460
california therapy services|home health physical therapist (pt)|alhambra, canada|https://www.linkedin.com/jobs/view/4321204568
databricks|software engineering new grad (2026)|serbia, belgrade, worldwide|https://www.linkedin.com/jobs/view/4301405221
atp architects engineers|građevinski inženjer projektant (m/ž)|serbia, belgrade, worldwide|https://www.linkedin.com/jobs/view/4311621775
stripe|software engineer, new grad|barcelona, catalonia, spain|https://www.linkedin.com/jobs/view/4294957463
stripe|full stack engineer, revenue and finance automation|barcelona, catalonia, spain|https://www.linkedin.com/jobs/view/4306248558
mane contract services|construction planning manager|madrid, community of madrid, spain|https://www.linkedin.com/jobs/view/4312032139
dornan|scheduling & planning manager|madrid, community of madrid, spain|https://www.linkedin.com/jobs/view/4307691648
techseed|systemutvecklare inom cloud, automation, integration eller iiot!|gothenburg, västra götaland county, sweden|https://www.linkedin.com/jobs/view/4314275803
techseed|solutions architects inom data, cloud, integration eller iiot!|gothenburg, västra götaland county, sweden|https://www.linkedin.com/jobs/view/4314292183
techseed|senior embedded software architect på det medarbetarägda konsultbolaget!|gothenburg, västra götaland county, sweden|https://www.linkedin.com/jobs/view/4314530805
university of gothenburg|doktorandplats i sociologi - hållbarhet och ai|gothenburg, västra götaland county, sweden|https://www.linkedin.com/jobs/view/4296785373
techseed|senior ignition developer till techseed|gothenburg, västra götaland county, sweden|https://www.linkedin.com/jobs/view/4316633853
lyvia group|redovisningsansvarig till lyvia group|stockholm, stockholm county, sweden|https://www.linkedin.com/jobs/view/4333494893
techseed|har du ett intresse för iiot, ot och industriautomation?|gothenburg, västra götaland county, sweden|https://www.linkedin.com/jobs/view/4314537755
grafana labs|senior observability architect  sweden  remote|greater gothenburg metropolitan area, worldwide|https://www.linkedin.com/jobs/view/4332059348
seveco software ag|kundenbetreuer / kundenservice mitarbeiter|freienbach, schwyz, switzerland|https://www.linkedin.com/jobs/view/4313262991
postfinance|senior fullstack software engineer (w/m/d)|zofingen, aargau, switzerland|https://www.linkedin.com/jobs/view/4337773691
peak mechanics gmbh|medientechniker (m/w/d) - live-events & studio-setups|chur, graubünden, switzerland|https://www.linkedin.com/jobs/view/4223076912
kuster + partner ag|bauphysiker/in, akustiker/in|münchenstein, basel-country, switzerland|https://www.linkedin.com/jobs/view/4334417392
qualitest ag institut für marketing- und sozialforschung|projektleiterin marktforschung|lucerne, lucerne, switzerland|https://www.linkedin.com/jobs/view/4318482024
insider.|software developer – insider testinium tech hub cooperation (fresh grad/junior)|greater istanbul, worldwide|https://www.linkedin.com/jobs/view/4305172775
dream games|software engineer (new grad)|türkiye, istanbul, worldwide|https://www.linkedin.com/jobs/view/3976007336
peak|software engineer, games (new grad)|türkiye, istanbul, worldwide|https://www.linkedin.com/jobs/view/4227285827
peak|product specialist, games (new grad)|türkiye, istanbul, worldwide|https://www.linkedin.com/jobs/view/4295551324
peak|motion graphics designer (new grad)|türkiye, istanbul, worldwide|https://www.linkedin.com/jobs/view/4337720111
pt solutions physical therapy|physical therapist - outpatient|ga, blue ridge, worldwide|https://www.linkedin.com/jobs/view/4338000841
gossen metrawatt|einkäufer (m/w/d)|nuremberg, bavaria, germany|https://www.linkedin.com/jobs/view/4319556451
akk altonaer kinderkrankenhaus ggmbh|teamleitung (m/w/d) für unsere it-abteilung (standort altonaer kinderkrankenhaus)|hamburg, hamburg, germany|https://www.linkedin.com/jobs/view/4331409621
lapp group|duales studium: bwl-dienstleistungsmanagement – media, vertrieb und kommunikation|stuttgart, baden-württemberg, germany|https://www.linkedin.com/jobs/view/4292906354
bwi gmbh|duales studium zum bachelor of science in wirtschaftsinformatik cyber security inkl. ausbildung zum fachinformatiker anwendungsentwicklung (m/w/d)|wilhelmshaven, lower saxony, germany|https://www.linkedin.com/jobs/view/4303093295
targetjobs uk|tech grad – space, defence and intelligence – january 2026 intake|manchester, england, united kingdom|https://www.linkedin.com/jobs/view/4306011024
kpmg ireland|transfer pricing economist|dublin, county dublin, ireland|https://www.linkedin.com/jobs/view/4313209986
salesforce|emea commercial graduate - french speaker (february start)|dublin, county dublin, ireland|https://www.linkedin.com/jobs/view/4333686408
