company|title|location|link
european dynamics|java enterprise architect|brussels, brussels region, belgium|https://www.linkedin.com/jobs/view/4258457917
supercell|llm engineer|helsinki, uusimaa, finland|https://www.linkedin.com/jobs/view/4217853351
amazon web services (aws)|delivery consultant- genai/ml, aws, industries|ga, atlanta, worldwide|https://www.linkedin.com/jobs/view/4257713492
amazon web services (aws)|senior applied ai architect, applied ai & data architecture (aida)|ga, atlanta, worldwide|https://www.linkedin.com/jobs/view/4227718383
amazon web services (aws)|delivery consultant- genai/ml, aws, industries|ga, atlanta, worldwide|https://www.linkedin.com/jobs/view/4172828320
amazon web services (aws)|senior delivery consultant- genai/ml, aws, industries|ga, atlanta, worldwide|https://www.linkedin.com/jobs/view/4172825783
amazon web services (aws)|senior delivery consultant- genai/ml, aws, industries|ga, atlanta, worldwide|https://www.linkedin.com/jobs/view/4183130877
amazon web services (aws)|senior delivery consultant- genai/ml, aws, industries|ga, atlanta, worldwide|https://www.linkedin.com/jobs/view/4256826216
amazon web services (aws)|senior delivery consultant- genai/ml, aws, industries|ga, atlanta, worldwide|https://www.linkedin.com/jobs/view/4257715334
amazon|applied scientist, eu step science and tech|berlin, berlin, germany|https://www.linkedin.com/jobs/view/4243885647
amazon|software development engineer, amazon robotics r&d|berlin, germany|https://www.linkedin.com/jobs/view/4235391937
amazon|sr. robotics software engineer, amazon robotics|berlin, germany|https://www.linkedin.com/jobs/view/4113263476
amazon|sr. robotics software engineer, amazon robotics|berlin, germany|https://www.linkedin.com/jobs/view/4145138989
amazon|senior robotics software developer, amazon robotics|berlin, germany|https://www.linkedin.com/jobs/view/4230923138
amazon web services (aws)|sr. applied scientist, deep science for systems and services|tübingen, baden-württemberg, germany|https://www.linkedin.com/jobs/view/4246103718
amazon web services (aws)|sr. applied scientist, agentic ai|berlin, germany|https://www.linkedin.com/jobs/view/4253810127
freiheit.com technologies|hackers wanted - site reliability engineer|hamburg, germany|https://www.linkedin.com/jobs/view/4249908132
amazon web services (aws)|sr. software manager, aurora storage|berlin, germany|https://www.linkedin.com/jobs/view/4258294433
amazon|sr applied scientist, optical automation team|dublin, county dublin, ireland|https://www.linkedin.com/jobs/view/4248344975
amazon web services (aws)|senior research scientist, aws incident tooling & response|dublin, county dublin, ireland|https://www.linkedin.com/jobs/view/4255308676
sdg group|ai architect|milan, lombardy, italy|https://www.linkedin.com/jobs/view/4244661882
qa ltd|data engineering manager|milan, lombardy, italy|https://www.linkedin.com/jobs/view/4242629466
amazon web services (aws)|senior delivery consultant- genai/ml, aws|milan, lombardy, italy|https://www.linkedin.com/jobs/view/4206581447
qa ltd|senior data engineer|milan, lombardy, italy|https://www.linkedin.com/jobs/view/4241669105
qa ltd|senior data engineer|milan, lombardy, italy|https://www.linkedin.com/jobs/view/4252502383
qa ltd|senior data engineer|como, lombardy, italy|https://www.linkedin.com/jobs/view/4241670083
qa ltd|senior data engineer|como, lombardy, italy|https://www.linkedin.com/jobs/view/4252504104
amazon|applied scientist, eu step science and tech|luxembourg, luxembourg, luxembourg|https://www.linkedin.com/jobs/view/4230051292
amazon|process improvement engineer, agi-ds ops|the hague, south holland, netherlands|https://www.linkedin.com/jobs/view/4233148668
insify|senior full stack engineer|amsterdam area, worldwide|https://www.linkedin.com/jobs/view/4253265489
freiheit.com technologies|hackers wanted - site reliability engineer|lisbon, portugal|https://www.linkedin.com/jobs/view/4249904507
amazon|applied scientist, stores security|iaşi, iaşi, romania|https://www.linkedin.com/jobs/view/4086431527
amazon web services (aws)|machine learning engineer - automated optical inspection, center for quantum computing|pasadena, canada|https://www.linkedin.com/jobs/view/4247205045
amazon web services (aws)|research scientist intern, device team, aws center for quantum computing|pasadena, canada|https://www.linkedin.com/jobs/view/4255379050
amazon web services (aws)|applied scientist, systems modeling, aws center for quantum computing|pasadena, canada|https://www.linkedin.com/jobs/view/4252057874
tatari|research data scientist|los angeles, canada|https://www.linkedin.com/jobs/view/4254155059
amazon web services (aws)|quantum applied scientist, simulation methods and tools, aws center for quantum computing|pasadena, canada|https://www.linkedin.com/jobs/view/4240826472
amazon web services (aws)|sr. software development engineer, center for quantum computing|pasadena, canada|https://www.linkedin.com/jobs/view/4253874503
ziprecruiter|senior software engineer, big data|santa monica, canada|https://www.linkedin.com/jobs/view/4227357408
amazon web services (aws)|senior technical program manager - software, aws center for quantum computing|pasadena, canada|https://www.linkedin.com/jobs/view/4245162609
qa ltd|senior data engineer|ticino, switzerland|https://www.linkedin.com/jobs/view/4241669175
qa ltd|senior data engineer|ticino, switzerland|https://www.linkedin.com/jobs/view/4252503286
dataroid|senior backend engineer|türkiye, istanbul, worldwide|https://www.linkedin.com/jobs/view/3916826971
dataroid|backend team lead|türkiye, istanbul, worldwide|https://www.linkedin.com/jobs/view/4252650752
targetjobs uk|machine learning internship|cambridge, england, united kingdom|https://www.linkedin.com/jobs/view/4238832528
amazon|applied scientist, amazon ads - creative x|london, england, united kingdom|https://www.linkedin.com/jobs/view/4258505282
speechmatics|machine learning internship|london, england, united kingdom|https://www.linkedin.com/jobs/view/4234288018
amazon|applied scientist, amazon ads - creative x|greater edinburgh area, worldwide|https://www.linkedin.com/jobs/view/4258500926
speechmatics|machine learning internship|cambridge, england, united kingdom|https://www.linkedin.com/jobs/view/4234282821
amazon|applied scientist ii (machine learning), ita - automated performance evaluation|edinburgh, scotland, united kingdom|https://www.linkedin.com/jobs/view/4204249659
deductive ai|software engineer intern, london|london, england, united kingdom|https://www.linkedin.com/jobs/view/4085602965
amazon|applied scientist, personalization|edinburgh, scotland, united kingdom|https://www.linkedin.com/jobs/view/4203445754
amazon|applied scientist, personalization|edinburgh, scotland, united kingdom|https://www.linkedin.com/jobs/view/4245704627
amazon|applied scientist, personalization|edinburgh, scotland, united kingdom|https://www.linkedin.com/jobs/view/4228042643
amazon web services (aws)|data scientist, aws industries|london, england, united kingdom|https://www.linkedin.com/jobs/view/4172093246
msd czech republic|cheminformatician, ai/ml – part time for a student|prague, prague, worldwide|https://www.linkedin.com/jobs/view/4214274863
delve deeper|data scientist|belarus, minsk, worldwide|https://www.linkedin.com/jobs/view/4256024539
younited|senior machine learning engineer (f/m)|île-de-france, france|https://www.linkedin.com/jobs/view/4227284728
younited|senior machine learning engineer (f/m)|paris, île-de-france, france|https://www.linkedin.com/jobs/view/4230193947
collège financement participatif par france fintech|senior machine learning engineer (f/m)|paris, île-de-france, france|https://www.linkedin.com/jobs/view/4259408323
younited|senior data scientist - recouvrement (f/m)|paris, île-de-france, france|https://www.linkedin.com/jobs/view/4230094250
statworx|data scientist / machine learning engineer (w/m/d)|frankfurt am main, hesse, germany|https://www.linkedin.com/jobs/view/4228986433
s-payment|data engineer / scientist (m/w/d)|stuttgart, baden-württemberg, germany|https://www.linkedin.com/jobs/view/4228257466
s-payment|data engineer / scientist (m/w/d)|stuttgart region, worldwide|https://www.linkedin.com/jobs/view/4243591629
s-payment|data engineer / scientist (m/w/d)|frankfurt, hesse, germany|https://www.linkedin.com/jobs/view/4243595190
focused energy|laser engineer, amplifier module development|darmstadt, hesse, germany|https://www.linkedin.com/jobs/view/4238107645
advanced navigation|principal fiber optical gyroscope engineer - sydney based, australia|munich, bavaria, germany|https://www.linkedin.com/jobs/view/4239740674
omilia|mid-level speech scientist/ engineer|greece|https://www.linkedin.com/jobs/view/4240648379
datapao|(senior) data scientist|budapest, hungary|https://www.linkedin.com/jobs/view/4248690201
deeprec.ai|principal ai researcher - llm|dublin, county dublin, ireland|https://www.linkedin.com/jobs/view/4252507680
nowatch|senior data scientist|amsterdam, north holland, netherlands|https://www.linkedin.com/jobs/view/4239604341
omilia|mid-level speech scientist/ engineer|poland|https://www.linkedin.com/jobs/view/4240648380
speechify|applied ai engineer & researcher|cracow, małopolskie, poland|https://www.linkedin.com/jobs/view/3958003369
speechify|software engineer, studio|cracow, małopolskie, poland|https://www.linkedin.com/jobs/view/3808808242
speechify|software engineer, ios core product|cracow, małopolskie, poland|https://www.linkedin.com/jobs/view/4118760052
dropbox|senior data scientist|poland|https://www.linkedin.com/jobs/view/4238429996
omilia|mid-level speech scientist/ engineer|portugal|https://www.linkedin.com/jobs/view/4240650182
prime video & amazon mgm studios|applied scientist, partner experience engineering|culver city, canada|https://www.linkedin.com/jobs/view/4261012223
omilia|mid-level speech scientist/ engineer|spain|https://www.linkedin.com/jobs/view/4240651104
perkss|phd en desarrollo de software, criptografía o machine learning|spain|https://www.linkedin.com/jobs/view/4253304831
inverid - creators of readid|machine learning engineer|valencia, valencian community, spain|https://www.linkedin.com/jobs/view/4224486819
wallapop|senior data scientist - search|barcelona, catalonia, spain|https://www.linkedin.com/jobs/view/4177568422
roku|senior software engineer, ios|greater manchester, england, united kingdom|https://www.linkedin.com/jobs/view/4258483554
roku|senior software engineer, ios|greater manchester, england, united kingdom|https://www.linkedin.com/jobs/view/4253143730
advanced navigation|principal fiber optical gyroscope engineer - sydney based, australia|london, england, united kingdom|https://www.linkedin.com/jobs/view/4239741425
meta|image quality test engineer|sofia, sofia city, worldwide|https://www.linkedin.com/jobs/view/4254322366
meta|hearing dsp engineer|denmark|https://www.linkedin.com/jobs/view/4120827365
meta|area construction manager|odense, region of southern denmark, denmark|https://www.linkedin.com/jobs/view/4249950944
meta|data center production operations engineer|odense, region of southern denmark, denmark|https://www.linkedin.com/jobs/view/4249772032
meta|research scientist, genai speech (london)|paris, île-de-france, france|https://www.linkedin.com/jobs/view/4228675152
meta|research scientist - fair|paris, île-de-france, france|https://www.linkedin.com/jobs/view/4178264066
meta|research scientist, fair - devai|paris, île-de-france, france|https://www.linkedin.com/jobs/view/4241854084
meta|ai research scientist llama agents|paris, île-de-france, france|https://www.linkedin.com/jobs/view/4254321353
meta|research engineer, fair - brain & ai|paris, île-de-france, france|https://www.linkedin.com/jobs/view/4215657988
meta|visiting senior research scientist|paris, île-de-france, france|https://www.linkedin.com/jobs/view/4120823707
meta|research manager (generative ai)|paris, île-de-france, france|https://www.linkedin.com/jobs/view/4204630159
meta|fundamental ai research scientist, fair (phd)|paris, île-de-france, france|https://www.linkedin.com/jobs/view/4205661840
meta|research engineer - fair embodiment and action pillar|paris, île-de-france, france|https://www.linkedin.com/jobs/view/4254319444
meta|ai research assistant (phd)|paris, île-de-france, france|https://www.linkedin.com/jobs/view/4120829208
meta|network engineer, operations and support|ga, newton county, worldwide|https://www.linkedin.com/jobs/view/4149308704
meta|network engineer, foundation and support|ga, atlanta, worldwide|https://www.linkedin.com/jobs/view/4120824609
meta|associate general counsel, labor & employment|ga, atlanta, worldwide|https://www.linkedin.com/jobs/view/4226058169
meta|associate general counsel, sanctions compliance|ga, atlanta, worldwide|https://www.linkedin.com/jobs/view/4233719699
meta|network engineer, operations and support (labs)|ga, newton county, worldwide|https://www.linkedin.com/jobs/view/4248460571
meta|network engineer, foundation and support|ga, newton county, worldwide|https://www.linkedin.com/jobs/view/4120822688
meta|operations & maintenance lead|ga, newton county, worldwide|https://www.linkedin.com/jobs/view/4249957161
meta|manager, site operations global infrastructure engineering|georgia, united states|https://www.linkedin.com/jobs/view/4254323267
meta|manager, site operations global infrastructure engineering|ga, newton county, worldwide|https://www.linkedin.com/jobs/view/4254319450
meta|data center production operations engineer|ga, atlanta, worldwide|https://www.linkedin.com/jobs/view/4255810911
meta|creative strategist|berlin, berlin, germany|https://www.linkedin.com/jobs/view/4245426428
meta|communications manager, germany|berlin, berlin, germany|https://www.linkedin.com/jobs/view/4252451137
meta|communications manager, germany|hamburg, hamburg, germany|https://www.linkedin.com/jobs/view/4252451136
meta|channel marketing lead, dach and southern europe|munich, bavaria, germany|https://www.linkedin.com/jobs/view/4249958117
meta|product design lead|regensburg, bavaria, germany|https://www.linkedin.com/jobs/view/4232856704
meta|client partner fmcg dach (ste 1 year)|berlin, berlin, germany|https://www.linkedin.com/jobs/view/4252448258
meta|client partner fmcg dach (ste 1 year)|munich, bavaria, germany|https://www.linkedin.com/jobs/view/4252449242
meta|client partner fmcg dach (ste 1 year)|hamburg, hamburg, germany|https://www.linkedin.com/jobs/view/4252446617
meta|data scientist, product analytics|dublin, county dublin, ireland|https://www.linkedin.com/jobs/view/4120826276
meta|account manager, turkey|dublin, county dublin, ireland|https://www.linkedin.com/jobs/view/4233718738
meta|employee relations business partner|dublin, county dublin, ireland|https://www.linkedin.com/jobs/view/4239690882
meta|account manager, italy|dublin, county dublin, ireland|https://www.linkedin.com/jobs/view/4230351739
meta|account manager, uk & ireland|dublin, county dublin, ireland|https://www.linkedin.com/jobs/view/4229799940
meta|network production engineer (university grad)|dublin, county dublin, ireland|https://www.linkedin.com/jobs/view/4120822746
meta|emea sales strategy planning & operations lead|dublin, county dublin, ireland|https://www.linkedin.com/jobs/view/4203647470
meta|market specialist - sub-saharan africa (chad & mauritania)|dublin, county dublin, ireland|https://www.linkedin.com/jobs/view/4232864011
meta|middle east & north africa midmarket sales leader|dublin, county dublin, ireland|https://www.linkedin.com/jobs/view/4254866705
meta|account manager, gaming - emea mid-market|dublin, county dublin, ireland|https://www.linkedin.com/jobs/view/4255735271
meta|enterprise support technician|dublin, county dublin, ireland|https://www.linkedin.com/jobs/view/4251746116
meta|enterprise support technician|dublin, county dublin, ireland|https://www.linkedin.com/jobs/view/4251739898
meta|program manager, regulatory information response|dublin, county dublin, ireland|https://www.linkedin.com/jobs/view/4229075851
meta|account manager, netherlands, belgium, luxembourg|dublin, county dublin, ireland|https://www.linkedin.com/jobs/view/4197555189
meta|law enforcement response team operations policy associate (short-term employment)|dublin, county dublin, ireland|https://www.linkedin.com/jobs/view/4253383072
meta|director, global travel & expense|dublin, county dublin, ireland|https://www.linkedin.com/jobs/view/4249763961
meta|risk manager|dublin, county dublin, ireland|https://www.linkedin.com/jobs/view/4242714055
meta|network engineer, deployment and support|dublin, county dublin, ireland|https://www.linkedin.com/jobs/view/4120830027
meta|account manager, netherlands, belgium, luxembourg|dublin, county dublin, ireland|https://www.linkedin.com/jobs/view/4249905420
meta|production engineer|dublin, county dublin, ireland|https://www.linkedin.com/jobs/view/4120825606
meta|wearable account manager, el partner retail banners (emea)|milan, lombardy, italy|https://www.linkedin.com/jobs/view/4248837728
meta|software/research engineer|oslo, oslo, norway|https://www.linkedin.com/jobs/view/4233479491
meta|enterprise network engineer, university grad|warsaw, mazowieckie, poland|https://www.linkedin.com/jobs/view/4248841543
meta|client solutions manager, cee tech apps|warsaw, mazowieckie, poland|https://www.linkedin.com/jobs/view/4257176203
meta|software engineering manager|warsaw, mazowieckie, poland|https://www.linkedin.com/jobs/view/4205668175
meta|software engineer, infrastructure|warsaw, mazowieckie, poland|https://www.linkedin.com/jobs/view/4200012094
meta|client partner, cee fmcg/ retail/ auto & tech/ mobility team|warsaw, mazowieckie, poland|https://www.linkedin.com/jobs/view/4232506282
meta|enterprise network engineer|warsaw, mazowieckie, poland|https://www.linkedin.com/jobs/view/4226884213
meta|technical domain manager, rse|warsaw, mazowieckie, poland|https://www.linkedin.com/jobs/view/4185261365
meta|employee relations business partner|los angeles, canada|https://www.linkedin.com/jobs/view/4234146827
meta|employee relations business partner|los angeles, canada|https://www.linkedin.com/jobs/view/4234540858
meta|program manager|los angeles, canada|https://www.linkedin.com/jobs/view/4238330212
meta|product manager|los angeles, canada|https://www.linkedin.com/jobs/view/4199414033
meta|creative director|los angeles, canada|https://www.linkedin.com/jobs/view/4248665216
meta|designer|los angeles, canada|https://www.linkedin.com/jobs/view/4237848012
meta|creative director|los angeles, canada|https://www.linkedin.com/jobs/view/4232864014
meta|creative director|los angeles, canada|https://www.linkedin.com/jobs/view/4251738957
meta|product manager|los angeles, canada|https://www.linkedin.com/jobs/view/4198546605
meta|creative director|los angeles, canada|https://www.linkedin.com/jobs/view/4220386585
meta|product designer, meta|los angeles, canada|https://www.linkedin.com/jobs/view/4254372625
meta|data scientist, product analytics|los angeles, canada|https://www.linkedin.com/jobs/view/4120828049
meta|product marketing manager, wearables|los angeles, canada|https://www.linkedin.com/jobs/view/4247917267
meta|product designer, reality labs|los angeles, canada|https://www.linkedin.com/jobs/view/4254314810
meta|director, global head of brand marketing - facebook|los angeles, canada|https://www.linkedin.com/jobs/view/4175333192
meta|product marketing manager, metaverse content|los angeles, canada|https://www.linkedin.com/jobs/view/4250701089
meta|producer|los angeles, canada|https://www.linkedin.com/jobs/view/4240858692
meta|retail program lead (creative x)|los angeles, canada|https://www.linkedin.com/jobs/view/4183213477
meta|product marketing manager - wearables, retail|los angeles, canada|https://www.linkedin.com/jobs/view/4252138428
meta|consumer product marketing manager|los angeles, canada|https://www.linkedin.com/jobs/view/4254321365
meta|creative strategist - iberia|madrid, community of madrid, spain|https://www.linkedin.com/jobs/view/4245422958
meta|software engineer - gameplay|spain|https://www.linkedin.com/jobs/view/4251742757
meta|strategic account manager southern europe|madrid, community of madrid, spain|https://www.linkedin.com/jobs/view/4176388147
meta|channel marketing manager, spain and italy|madrid, community of madrid, spain|https://www.linkedin.com/jobs/view/4142314613
meta|field sales & marketing manager - seu|madrid, community of madrid, spain|https://www.linkedin.com/jobs/view/4234149480
meta|network operations engineer|luleå, norrbotten county, sweden|https://www.linkedin.com/jobs/view/4131508499
meta|area construction manager|luleå, norrbotten county, sweden|https://www.linkedin.com/jobs/view/4249957061
meta|research scientist, genai speech (london)|zurich, zurich, switzerland|https://www.linkedin.com/jobs/view/4228672364
meta|software engineer (leadership) - machine learning|zurich, zurich, switzerland|https://www.linkedin.com/jobs/view/4120828097
meta|technical program manager, xr tech|zurich, zurich, switzerland|https://www.linkedin.com/jobs/view/4247918221
meta|research scientist, computer vision for generative ai|zurich, zurich, switzerland|https://www.linkedin.com/jobs/view/4250353732
meta|engineering manager, computer vision|zurich, zurich, switzerland|https://www.linkedin.com/jobs/view/4120827475
meta|research scientist, computer vision (vision language models for spatial ai)|zurich, zurich, switzerland|https://www.linkedin.com/jobs/view/4243706762
meta|ai research scientist, 3d/4d generative ai|zurich, zurich, switzerland|https://www.linkedin.com/jobs/view/4145390417
meta|client partner fmcg dach (ste 1 year)|zurich, zurich, switzerland|https://www.linkedin.com/jobs/view/4252451135
meta|audio ml engineer, codec avatars|zurich, zurich, switzerland|https://www.linkedin.com/jobs/view/4236330897
meta|user experience researcher, qualitative|london, england, united kingdom|https://www.linkedin.com/jobs/view/4233482154
meta|ux researcher - qualitative|london, england, united kingdom|https://www.linkedin.com/jobs/view/4161433567
meta|hr business partner|london, england, united kingdom|https://www.linkedin.com/jobs/view/4228125184
meta|ux researcher, qualitative|london, england, united kingdom|https://www.linkedin.com/jobs/view/4198543872
meta|executive assistant, global partners emea|london, england, united kingdom|https://www.linkedin.com/jobs/view/4254317589
meta|business education global program manager, apac & emea|london, england, united kingdom|https://www.linkedin.com/jobs/view/4254869584
meta|executive administrative partner|london, england, united kingdom|https://www.linkedin.com/jobs/view/4256222056
meta|software engineer, machine learning|london, england, united kingdom|https://www.linkedin.com/jobs/view/4254315656
meta|product designer|london, england, united kingdom|https://www.linkedin.com/jobs/view/4254316593
meta|employee relations business partner|london, england, united kingdom|https://www.linkedin.com/jobs/view/4239693725
meta|client solutions manager - apps, turkey|london, england, united kingdom|https://www.linkedin.com/jobs/view/4196571335
meta|content design manager|london, england, united kingdom|https://www.linkedin.com/jobs/view/4136739475
meta|network production engineer (university grad)|london, england, united kingdom|https://www.linkedin.com/jobs/view/4120830070
meta|research engineer, ml, ai & computer vision|london, england, united kingdom|https://www.linkedin.com/jobs/view/4164914883
meta|client solutions manager - uk tech|london, england, united kingdom|https://www.linkedin.com/jobs/view/4231827511
meta|research engineer, fair - brain & ai|london, england, united kingdom|https://www.linkedin.com/jobs/view/4215662293
meta|marketing insights researcher, reality labs|london, england, united kingdom|https://www.linkedin.com/jobs/view/4120830017
meta|client solutions manager, gaming, emea|london, england, united kingdom|https://www.linkedin.com/jobs/view/4222682392
meta|content design manager|united kingdom|https://www.linkedin.com/jobs/view/4226057331
meta|software engineer [leadership] - experimentation|london, england, united kingdom|https://www.linkedin.com/jobs/view/4233720679
meta|people specialist, payroll (short-term employment)|dublin, county dublin, ireland|https://www.linkedin.com/jobs/view/4223551073
meta|israel midmarket sales leader|dublin, county dublin, ireland|https://www.linkedin.com/jobs/view/4236688076
meta|account manager, mid-market cee (central, eastern europe)|dublin, county dublin, ireland|https://www.linkedin.com/jobs/view/4236339319
meta|client solutions manager, uk travel|london, england, united kingdom|https://www.linkedin.com/jobs/view/4231833079
meta|research scientist, fair (phd)|paris, île-de-france, france|https://www.linkedin.com/jobs/view/4181334936
european dynamics|senior cloud/devops architect|brussels, brussels region, belgium|https://www.linkedin.com/jobs/view/4251741511
genbio ai|research scientist intern|paris, île-de-france, france|https://www.linkedin.com/jobs/view/4260539698
genbio ai|research scientist (ai) - sequence|paris, île-de-france, france|https://www.linkedin.com/jobs/view/4260540643
genbio ai|research scientist (ai) - cell & tissue modeling|paris, île-de-france, france|https://www.linkedin.com/jobs/view/4260542443
genbio ai|research scientist (ai) - interactome|paris, île-de-france, france|https://www.linkedin.com/jobs/view/4260538776
genbio ai|research scientist (ai) - protein structure prediction & generation|paris, île-de-france, france|https://www.linkedin.com/jobs/view/4260540646
google|software engineering manager ii, autonomous lifecycle engineering|ga, atlanta, worldwide|https://www.linkedin.com/jobs/view/4235436686
google|software engineer, phd, early career, campus, systems and infrastructure, 2025 start|ga, atlanta, worldwide|https://www.linkedin.com/jobs/view/4224662064
google|software engineer, ml systems and cloud ai, embedded and networking, university graduate, phd, campus, 2025|ga, atlanta, worldwide|https://www.linkedin.com/jobs/view/4230645648
google|software engineer iii, google cloud global networking|ga, atlanta, worldwide|https://www.linkedin.com/jobs/view/4245395797
google|software engineer iii, infrastructure, google cloud global networking|ga, atlanta, worldwide|https://www.linkedin.com/jobs/view/4224655734
google|software engineer, phd, early career, campus, embedded systems and firmware, 2025 start|ga, atlanta, worldwide|https://www.linkedin.com/jobs/view/4224655745
the home depot|distinguished data scientist (search & personalization)|ga, atlanta, worldwide|https://www.linkedin.com/jobs/view/3789769207
google|technical lead, software engineering, network forecasting|ga, atlanta, worldwide|https://www.linkedin.com/jobs/view/4247081985
google|senior software engineer, google cloud global networking|ga, atlanta, worldwide|https://www.linkedin.com/jobs/view/4224653755
ukg|director, software development - ai/ml|ga, atlanta, worldwide|https://www.linkedin.com/jobs/view/4224698863
google|engineering manager, information security engineering cryptography|munich, bavaria, germany|https://www.linkedin.com/jobs/view/4256308861
google|senior software engineer, front end, cider|munich, bavaria, germany|https://www.linkedin.com/jobs/view/4259551339
unify|frontend software development engineer|athens, attiki, greece|https://www.linkedin.com/jobs/view/4251611675
google|software engineer, security|dublin, county dublin, ireland|https://www.linkedin.com/jobs/view/4233974823
google|software engineering manager, security|dublin, county dublin, ireland|https://www.linkedin.com/jobs/view/4251527811
google|software engineer iii, network traffic engineering|dublin, county dublin, ireland|https://www.linkedin.com/jobs/view/4247347037
google|software engineer, global network edge|dublin, county dublin, ireland|https://www.linkedin.com/jobs/view/4250801084
google|senior software engineer, network edge|dublin, county dublin, ireland|https://www.linkedin.com/jobs/view/4256311585
google|senior staff software engineer, infrastructure|dublin, county dublin, ireland|https://www.linkedin.com/jobs/view/4259195505
google|engineering manager software defined network|dublin, county dublin, ireland|https://www.linkedin.com/jobs/view/4252686659
nielseniq|marketing scientist|milan, lombardy, italy|https://www.linkedin.com/jobs/view/4255725907
bcg x|ai engineer, italy - bcg x|milan, lombardy, italy|https://www.linkedin.com/jobs/view/4258317777
nielseniq|senior marketing scientist|milan, lombardy, italy|https://www.linkedin.com/jobs/view/4255725906
google|software engineer, early careers, phd, gsoc server software|warsaw, mazowieckie, poland|https://www.linkedin.com/jobs/view/4242945273
google|software engineer, gce control plane, early careers, phd|warsaw, mazowieckie, poland|https://www.linkedin.com/jobs/view/4256555514
google|software engineer, early careers, phd, xborg|warsaw, mazowieckie, poland|https://www.linkedin.com/jobs/view/4231945561
google|software engineer iii, chrome, chrome browser|warsaw, mazowieckie, poland|https://www.linkedin.com/jobs/view/4245658178
google|software engineer, early careers, phd, cloud ai|warsaw, mazowieckie, poland|https://www.linkedin.com/jobs/view/4224658932
google|software engineer iii, gemini, google cloud|warsaw, mazowieckie, poland|https://www.linkedin.com/jobs/view/4242284386
google|software developer iii, chrome enterprise core|warsaw, mazowieckie, poland|https://www.linkedin.com/jobs/view/4248921703
google|software engineer iii, full stack, google cloud|warsaw, mazowieckie, poland|https://www.linkedin.com/jobs/view/4224652972
google|software engineer, borglet, phd, early career|warsaw, mazowieckie, poland|https://www.linkedin.com/jobs/view/4238806455
ryanair - europe's favourite airline|ai/ml engineer|wrocław, dolnośląskie, poland|https://www.linkedin.com/jobs/view/4246242518
google|software engineering manager, chrome autofill|warsaw, mazowieckie, poland|https://www.linkedin.com/jobs/view/4252692232
google|staff software engineer, google cloud platform|warsaw, mazowieckie, poland|https://www.linkedin.com/jobs/view/4240369786
google|software engineer, system composition, chromeos and android|cracow, małopolskie, poland|https://www.linkedin.com/jobs/view/4253765130
google|software engineer team lead, ai/ml, google cloud|warsaw, mazowieckie, poland|https://www.linkedin.com/jobs/view/4259196035
google|senior software engineer, full stack, chrome web store|warsaw, mazowieckie, poland|https://www.linkedin.com/jobs/view/4224660293
google|senior software engineer, titan platform|warsaw, mazowieckie, poland|https://www.linkedin.com/jobs/view/4252316029
google|senior software engineer, google cloud|warsaw, mazowieckie, poland|https://www.linkedin.com/jobs/view/4238802909
google|senior software engineer, infrastructure, google cloud|warsaw, mazowieckie, poland|https://www.linkedin.com/jobs/view/4224654861
google|software engineer iii, embedded systems/firmware, pixel performance|warsaw, mazowieckie, poland|https://www.linkedin.com/jobs/view/4250596848
google|senior software engineer, gemini code assist|warsaw, mazowieckie, poland|https://www.linkedin.com/jobs/view/4242947164
google|software engineer, early career, start 2025|bucharest, bucharest, romania|https://www.linkedin.com/jobs/view/4224657885
google|software engineer, early career, campus|bucharest, bucharest, romania|https://www.linkedin.com/jobs/view/4224657843
google|engineering manager, health and fitness platform development|bucharest, bucharest, romania|https://www.linkedin.com/jobs/view/4255902827
google|software engineer iii, mobile, health app foundations|bucharest, bucharest, romania|https://www.linkedin.com/jobs/view/4241149014
google|staff software engineer, pixel watch apps|bucharest, bucharest, romania|https://www.linkedin.com/jobs/view/4242947156
google|software engineer iii, android system ui|bucharest, bucharest, romania|https://www.linkedin.com/jobs/view/4232801958
google|software engineer iii, android, android enterprise|bucharest, bucharest, romania|https://www.linkedin.com/jobs/view/4253848979
google|senior software engineer, android enterprise|bucharest, bucharest, romania|https://www.linkedin.com/jobs/view/4259599944
google|senior android software engineer, android system ui|bucharest, bucharest, romania|https://www.linkedin.com/jobs/view/4246711351
google|senior software engineer, mobile (android)|bucharest, bucharest, romania|https://www.linkedin.com/jobs/view/4224657922
google|software engineer iii, chrome|los angeles, canada|https://www.linkedin.com/jobs/view/4242213696
google|staff software engineer, front end, core|los angeles, canada|https://www.linkedin.com/jobs/view/4248563487
google|software engineer iii, ai/ml genai, google ads|los angeles, canada|https://www.linkedin.com/jobs/view/4248514872
google|senior software engineer, ai/ml genai, core|los angeles, canada|https://www.linkedin.com/jobs/view/4259195516
google|director, development, ads safety, platform and experiences|los angeles, canada|https://www.linkedin.com/jobs/view/4224657895
google|senior software engineer, chrome|los angeles, canada|https://www.linkedin.com/jobs/view/4242992060
google|senior software engineer, chrome|los angeles, canada|https://www.linkedin.com/jobs/view/4240770362
google|director, development, ads safety, content safety|los angeles, canada|https://www.linkedin.com/jobs/view/4255253008
lensa|lead ai/ml software engineer - remote|los angeles, canada|https://www.linkedin.com/jobs/view/4259922477
bcg x|ai engineer, spain - bcg x|madrid, community of madrid, spain|https://www.linkedin.com/jobs/view/4206203780
bcg x|ai engineer, spain - bcg x|barcelona, catalonia, spain|https://www.linkedin.com/jobs/view/4206204703
google|software engineer iii, end user performance|stockholm, stockholm county, sweden|https://www.linkedin.com/jobs/view/4250721614
google|software engineer, lens quality|zurich, zurich, switzerland|https://www.linkedin.com/jobs/view/4246707608
isomorphic labs|research scientist (machine learning), lausanne|lausanne, vaud, switzerland|https://www.linkedin.com/jobs/view/4162279909
cradle|software engineering/machine learning intern (f/m/*)|zurich, zurich, switzerland|https://www.linkedin.com/jobs/view/4243585036
google|software engineer iii, sustainable journeys|zurich, zurich, switzerland|https://www.linkedin.com/jobs/view/4246709352
google|software engineer iii, video ads quality|zurich, zurich, switzerland|https://www.linkedin.com/jobs/view/4259194589
google|senior software engineer, shopping labs|zurich, zurich, switzerland|https://www.linkedin.com/jobs/view/4233925970
phasecraft|quantum algorithms scientist - optimization|london, england, united kingdom|https://www.linkedin.com/jobs/view/4228910560
phasecraft|quantum algorithms scientist - optimization|bristol, england, united kingdom|https://www.linkedin.com/jobs/view/4228908812
isomorphic labs|research scientist (machine learning), london|london, england, united kingdom|https://www.linkedin.com/jobs/view/4085314773
google|staff software engineer, google cloud applications ai|london, england, united kingdom|https://www.linkedin.com/jobs/view/4259192988
google|software engineer iii, pixel graphics, gpu software|london, england, united kingdom|https://www.linkedin.com/jobs/view/4247344819
google|software engineer iii, android system ui intelligence|london, england, united kingdom|https://www.linkedin.com/jobs/view/4259199004
google|staff android software engineer, android system ui|bucharest, bucharest, romania|https://www.linkedin.com/jobs/view/4246709356
google|software engineering manager, privacy sandbox, cloud computing|cracow, małopolskie, poland|https://www.linkedin.com/jobs/view/4238465967
google|software engineer, android kernel and systems|cracow, małopolskie, poland|https://www.linkedin.com/jobs/view/4224663127
google|software engineering manager, android automotive|cracow, małopolskie, poland|https://www.linkedin.com/jobs/view/4252688555
google|technical lead manager, google messages wear|cracow, małopolskie, poland|https://www.linkedin.com/jobs/view/4253854716
google|senior software engineer, privacy sandbox|cracow, małopolskie, poland|https://www.linkedin.com/jobs/view/4241143857
google|embedded senior software engineer, pixel power software|cracow, małopolskie, poland|https://www.linkedin.com/jobs/view/4246261630
google|staff software engineer, android automotive|cracow, małopolskie, poland|https://www.linkedin.com/jobs/view/4238803910
google|senior software engineer, data governance ai agent|cracow, małopolskie, poland|https://www.linkedin.com/jobs/view/4255553274
google|senior software engineer, pixel display system|cracow, małopolskie, poland|https://www.linkedin.com/jobs/view/4230644639
google|software engineer iii, android|london, england, united kingdom|https://www.linkedin.com/jobs/view/4256733857
google|software engineer iii, android ai experiences|london, england, united kingdom|https://www.linkedin.com/jobs/view/4252309952
google|staff software engineer, pixel graphics, gpu software|london, england, united kingdom|https://www.linkedin.com/jobs/view/4247348019
google|software engineering manager ii, google compute infrastructure|warsaw, mazowieckie, poland|https://www.linkedin.com/jobs/view/4242943564
the tean|(senior) data scientist - nlp expert|vienna, austria|https://www.linkedin.com/jobs/view/4249781515
sportradar|senior data scientist/machine learning|vienna, vienna, austria|https://www.linkedin.com/jobs/view/4252508005
tabby|data scientist (risk)|sofia, sofia city, worldwide|https://www.linkedin.com/jobs/view/4216375520
amazon web services (aws)|sr. delivery consultant - data architect, proserve sdt north|copenhagen, capital region of denmark, denmark|https://www.linkedin.com/jobs/view/4247493909
amazon web services (aws)|senior delivery consultant – data & genai, professional services|courbevoie, île-de-france, france|https://www.linkedin.com/jobs/view/4238554633
amazon web services (aws)|senior delivery consultant – data & genai, professional services|lyon, auvergne-rhône-alpes, france|https://www.linkedin.com/jobs/view/4238552945
amazon web services (aws)|data scientist - consultant, gfs emea|courbevoie, île-de-france, france|https://www.linkedin.com/jobs/view/4195333403
eurocontrol|data scientist assistant|brétigny-sur-orge, île-de-france, france|https://www.linkedin.com/jobs/view/4251750245
bigblue|senior data scientist|paris, île-de-france, france|https://www.linkedin.com/jobs/view/3890885842
datadog|senior software engineer - redapl resource graph|paris, île-de-france, france|https://www.linkedin.com/jobs/view/4259408680
amazon web services (aws)|principal applied ai architect, applied ai & data architecture (aida)|ga, atlanta, worldwide|https://www.linkedin.com/jobs/view/4210915865
amazon web services (aws)|principal applied ai architect, applied ai & data architecture (aida)|ga, atlanta, worldwide|https://www.linkedin.com/jobs/view/4224023984
amazon web services (aws)|delivery consultant- genai/ml, aws, industries|ga, atlanta, worldwide|https://www.linkedin.com/jobs/view/4256821676
amazon web services (aws)|delivery consultant- genai/ml, aws, industries|ga, atlanta, worldwide|https://www.linkedin.com/jobs/view/4183138106
amazon web services (aws)|delivery consultant- genai/ml, aws, industries|ga, atlanta, worldwide|https://www.linkedin.com/jobs/view/4183138080
amazon web services (aws)|delivery consultant- genai/ml, aws, industries|ga, atlanta, worldwide|https://www.linkedin.com/jobs/view/4183132758
amazon web services (aws)|delivery consultant- genai/ml, aws, industries|ga, atlanta, worldwide|https://www.linkedin.com/jobs/view/4183137181
amazon web services (aws)|solutions architect, travel & hospitality (german speaking required, limited travel))|frankfurt rhine-main metropolitan area, worldwide|https://www.linkedin.com/jobs/view/4209553950
amazon web services (aws)|solutions architect, travel & hospitality (german speaking required, limited travel))|berlin, berlin, germany|https://www.linkedin.com/jobs/view/4205316634
amazon web services (aws)|applied scientist, ai agents|berlin, germany|https://www.linkedin.com/jobs/view/4253874519
amazon web services (aws)|applied scientist, learned systems group|munich, bavaria, germany|https://www.linkedin.com/jobs/view/4213184009
highberg mediaminds|data scientist (w/m/d)|hamburg, hamburg, germany|https://www.linkedin.com/jobs/view/3834278472
amazon|2025 data centre operations engineer intern|frankfurt rhine-main metropolitan area, worldwide|https://www.linkedin.com/jobs/view/4251372255
amazon|2025 data centre operations engineer intern|berlin, berlin, germany|https://www.linkedin.com/jobs/view/4234045226
amazon web services (aws)|sr. applied scientist, ngde science|berlin, germany|https://www.linkedin.com/jobs/view/4228271901
accenture greece|ai foundation model specialist|athens, attiki, greece|https://www.linkedin.com/jobs/view/4058527900
accenture greece|senior data scientist|athens, attiki, greece|https://www.linkedin.com/jobs/view/4178576932
artera|senior machine learning engineer (hungary)|budapest, budapest, hungary|https://www.linkedin.com/jobs/view/4248989958
amazon web services (aws)|migration consultant , application migration, modernization and management|dublin, county dublin, ireland|https://www.linkedin.com/jobs/view/4251952153
amazon web services (aws)|applied scientist, passive monitoring|dublin, county dublin, ireland|https://www.linkedin.com/jobs/view/4258560869
amazon web services (aws)|data and genai architect|milan, lombardy, italy|https://www.linkedin.com/jobs/view/4203452101
exacaster|junior data scientist|vilnius, vilniaus, worldwide|https://www.linkedin.com/jobs/view/4251497096
exacaster|data scientist|vilnius, vilniaus, worldwide|https://www.linkedin.com/jobs/view/4173943057
exacaster|senior data scientist|vilnius, vilniaus, worldwide|https://www.linkedin.com/jobs/view/4233647333
amazon|applied scientist, supply chain optimization|luxembourg, luxembourg, luxembourg|https://www.linkedin.com/jobs/view/4249627131
amazon|sr. applied scientist, supply chain optimization|luxembourg, luxembourg, luxembourg|https://www.linkedin.com/jobs/view/4231018539
vml|data scientist (luxembourg)|luxembourg, luxembourg, luxembourg|https://www.linkedin.com/jobs/view/4255346043
fm|fm research scientist - weather and climate risks|capellen, luxembourg, luxembourg|https://www.linkedin.com/jobs/view/4250494854
amazon|senior applied scientist, supply chain ai automation|luxembourg, luxembourg, luxembourg|https://www.linkedin.com/jobs/view/4223863344
xebia|data scientist|moldova, worldwide|https://www.linkedin.com/jobs/view/4244551897
elastic|principal consulting architect - search|netherlands|https://www.linkedin.com/jobs/view/4258430911
ciklum india|principal data & ai consultant|gdańsk, pomorskie, poland|https://www.linkedin.com/jobs/view/4200570003
ciklum|principal data & ai consultant|wrocław, dolnośląskie, poland|https://www.linkedin.com/jobs/view/4255492217
ciklum|principal data & ai consultant|gdańsk, pomorskie, poland|https://www.linkedin.com/jobs/view/4255492246
inhire.io|middle data scientist|poland|https://www.linkedin.com/jobs/view/4260072688
luxoft poland|data scientist|poland|https://www.linkedin.com/jobs/view/4243635683
luxoft poland|senior data scientist|poland|https://www.linkedin.com/jobs/view/4250275284
tabby|data scientist (risk)|warsaw, mazowieckie, poland|https://www.linkedin.com/jobs/view/4216370960
luxoft|regular data scientist|poland|https://www.linkedin.com/jobs/view/4245508007
xebia|data scientist|poland|https://www.linkedin.com/jobs/view/4244557217
luxoft|regular data scientist|poland|https://www.linkedin.com/jobs/view/4245888050
asenium consulting|senior data scientist|lisbon metropolitan area, worldwide|https://www.linkedin.com/jobs/view/4257426190
tabby|data scientist (risk)|lisboa, lisbon, portugal|https://www.linkedin.com/jobs/view/4216372829
capgemini engineering|data scientist - gen ai engineer|lisbon, lisbon, portugal|https://www.linkedin.com/jobs/view/4256492689
capgemini engineering|data scientist - gen ai engineer|lisboa, lisbon, portugal|https://www.linkedin.com/jobs/view/4216285333
xebia|data scientist|portugal|https://www.linkedin.com/jobs/view/4244549998
capgemini engineering|data scientist - gen ai engineer|vila nova de gaia, porto, portugal|https://www.linkedin.com/jobs/view/4256494203
dremio|senior software engineer - datalake|porto metropolitan area, worldwide|https://www.linkedin.com/jobs/view/4044609232
dremio|senior software engineer - data management|porto metropolitan area, worldwide|https://www.linkedin.com/jobs/view/4046545919
amazon web services (aws)|research scientist intern, test & measurement, aws center for quantum computing|pasadena, canada|https://www.linkedin.com/jobs/view/4255375476
amazon web services (aws)|quantum research scientist, device team, aws center for quantum computing|pasadena, canada|https://www.linkedin.com/jobs/view/4173129430
amazon web services (aws)|quantum research scientist, device team|pasadena, canada|https://www.linkedin.com/jobs/view/4224599292
amazon web services (aws)|quantum research scientist, aws center for quantum computing|pasadena, canada|https://www.linkedin.com/jobs/view/4257273497
amazon web services (aws)|quantum research scientist intern, device and architecture theory, aws center for quantum computing|pasadena, canada|https://www.linkedin.com/jobs/view/4260454525
amazon web services (aws)|quantum research scientist, quantum error correction team, aws center for quantum computing|pasadena, canada|https://www.linkedin.com/jobs/view/4221751194
amazon web services (aws)|device fabrication manager, quantum computing, quantum computing|pasadena, canada|https://www.linkedin.com/jobs/view/4226810454
amazon web services (aws)|applied scientist, aws ai foundational research team|pasadena, canada|https://www.linkedin.com/jobs/view/4002282373
amazon web services (aws)|applied scientist iii, amazon q|pasadena, canada|https://www.linkedin.com/jobs/view/4189861044
tabby|data scientist (risk)|serbia, belgrade, worldwide|https://www.linkedin.com/jobs/view/4216372828
amazon web services (aws)|delivery consultant - data scientist ai/ml, aws professional services|madrid, community of madrid, spain|https://www.linkedin.com/jobs/view/4252585533
kyndryl|data architect|madrid, community of madrid, spain|https://www.linkedin.com/jobs/view/4204724778
elastic|principal consulting architect - search|spain|https://www.linkedin.com/jobs/view/4256523670
auctane|data scientist (remote in spain)|madrid, community of madrid, spain|https://www.linkedin.com/jobs/view/4248788554
bluetab, an ibm company|🚀 senior data scientist 🔬📊|spain|https://www.linkedin.com/jobs/view/4255814961
mango|senior data scientist producto|palau-solità i plegamans, catalonia, spain|https://www.linkedin.com/jobs/view/4239955050
mango|senior data scientist - search|palau-solità i plegamans, catalonia, spain|https://www.linkedin.com/jobs/view/4239956256
kyndryl|ia engineer/data scientist|madrid, community of madrid, spain|https://www.linkedin.com/jobs/view/4233507606
mango|senior data scientist - search|palau-solità i plegamans, catalonia, spain|https://www.linkedin.com/jobs/view/4202635406
amazon web services (aws)|sr. delivery consultant - data architect, proserve sdt north|stockholm, stockholm county, sweden|https://www.linkedin.com/jobs/view/4177335620
capgemini|data scientist (genai & analytics)|gothenburg, västra götaland county, sweden|https://www.linkedin.com/jobs/view/4236845799
sahibinden.com|senior research engineer|ataşehir, istanbul, worldwide|https://www.linkedin.com/jobs/view/4249185455
softserve|middle data scientist (generative ai)|ukraine|https://www.linkedin.com/jobs/view/4256763367
softserve|middle data scientist (generative ai)|ukraine|https://www.linkedin.com/jobs/view/4256765090
softserve|senior/lead data scientist|ukraine|https://www.linkedin.com/jobs/view/4222853631
ciklum india|principal data & ai consultant|london, england, united kingdom|https://www.linkedin.com/jobs/view/4200568048
deeprec.ai|principal researcher - llm|greater london, england, united kingdom|https://www.linkedin.com/jobs/view/4253682026
ciklum|principal data & ai consultant|london, england, united kingdom|https://www.linkedin.com/jobs/view/4252676224
amazon web services (aws)|migration consultant , application migration, modernization and management|london, england, united kingdom|https://www.linkedin.com/jobs/view/4205319384
kyndryl|associate director|london, england, united kingdom|https://www.linkedin.com/jobs/view/4210137480
amazon web services (aws)|migration consultant , application migration, modernization and management|manchester, england, united kingdom|https://www.linkedin.com/jobs/view/4205320345
elastic|principal consulting architect - search|united kingdom|https://www.linkedin.com/jobs/view/4258435542
amazon|2025 data scientist internship (multiple locations), amazon university talent acquisition|london, england, united kingdom|https://www.linkedin.com/jobs/view/4244821230
kindred group plc|senior data scientist|london area, united kingdom|https://www.linkedin.com/jobs/view/4188210742
centre tecnològic de la química a catalunya|data engineer|barcelona, catalonia, spain|https://www.linkedin.com/jobs/view/4178699690
eurecat - technology centre|data engineer|barcelona, catalonia, spain|https://www.linkedin.com/jobs/view/4141144064
amazon web services (aws)|2025 software development engineer intern - databases (m/w/d)|berlin, germany|https://www.linkedin.com/jobs/view/4145088413
xebia|data scientist|european union, worldwide|https://www.linkedin.com/jobs/view/4244550913
amazon web services (aws)|logistics specialist , data center communities|frankfurt, hesse, germany|https://www.linkedin.com/jobs/view/4019404957
amazon|2025 data centre operations engineer intern|frankfurt rhine-main metropolitan area, worldwide|https://www.linkedin.com/jobs/view/4157933450
about you|bi data scientist (m/f/d) - bi app - onsite in hamburg or berlin|hamburg, germany|https://www.linkedin.com/jobs/view/4137402798
about you|bi data scientist (m/f/d) - bi app - onsite in hamburg or berlin|hamburg, hamburg, germany|https://www.linkedin.com/jobs/view/4201276638
about you|senior data scientist (m/f/d)|hamburg, germany|https://www.linkedin.com/jobs/view/4255075654
about you|senior data scientist (m/f/d)|hamburg, hamburg, germany|https://www.linkedin.com/jobs/view/4255222218
amazon web services (aws)|startups applied scientist, generative ai innovation & delivery team|london, england, united kingdom|https://www.linkedin.com/jobs/view/4214557069
amazon web services (aws)|machine learning engineer, aws generative ai innovation center|london, england, united kingdom|https://www.linkedin.com/jobs/view/4063369396
kyndryl|data engineer|madrid, community of madrid, spain|https://www.linkedin.com/jobs/view/4204727167
ciklum india|principal data & ai consultant|prague, prague, worldwide|https://www.linkedin.com/jobs/view/4200565711
ciklum|principal data & ai consultant|prague, prague, worldwide|https://www.linkedin.com/jobs/view/4252672639
moderna|senior software developer, ml platform|warsaw, mazowieckie, poland|https://www.linkedin.com/jobs/view/4230670866
visa|cloud security engineer|warsaw, mazowieckie, poland|https://www.linkedin.com/jobs/view/4257973016
iff|scientist, data engineer|leiden, south holland, netherlands|https://www.linkedin.com/jobs/view/4255721979
jpmorganchase|nlp / llm scientist - applied ai ml lead - machine learning centre of excellence|london, england, united kingdom|https://www.linkedin.com/jobs/view/4207819544
oculus vr|research engineer, ml, ai & computer vision|london, england, united kingdom|https://www.linkedin.com/jobs/view/4174807100
harnham|pricing data scientist|london, england, united kingdom|https://www.linkedin.com/jobs/view/4255063282
harnham|pricing & revenue data scientist|london, england, united kingdom|https://www.linkedin.com/jobs/view/4255056868
insmed incorporated|assistant principal statistical geneticist|babraham, england, united kingdom|https://www.linkedin.com/jobs/view/4253234362
insmed incorporated|assistant principal statistical geneticist|cambridgeshire, england, united kingdom|https://www.linkedin.com/jobs/view/4251767828
teramind|senior data engineer|armenia, quindío, colombia|https://www.linkedin.com/jobs/view/4259773130
antler|chief data scientist & startup founder (muc/ber, march 2025)|vienna, austria|https://www.linkedin.com/jobs/view/4082122560
xxxldigital – part of xxxl group|senior ai developer / data scientist (w/m/d)|vienna, vienna, austria|https://www.linkedin.com/jobs/view/4102964573
xxxldigital – part of xxxl group|senior ai developer / data scientist (w/m/d)|wels, upper austria, austria|https://www.linkedin.com/jobs/view/4102963712
xxxldigital – part of xxxl group|senior ai developer / data scientist (w/m/d)|linz, upper austria, austria|https://www.linkedin.com/jobs/view/4102963711
cropland|medior/senior data scientist|antwerp, flemish region, belgium|https://www.linkedin.com/jobs/view/4231570637
orange business|cloud data architect - consultant|brussels, brussels region, belgium|https://www.linkedin.com/jobs/view/4255822577
nokia|principal network & cloud research architect|antwerp, flemish region, belgium|https://www.linkedin.com/jobs/view/4155466998
flexcity|data scientist|anderlecht, brussels region, belgium|https://www.linkedin.com/jobs/view/4258003515
accurat.ai|intern data scientist|ghent, flemish region, belgium|https://www.linkedin.com/jobs/view/4204351851
devoteam|senior data scientist - ml engineer|machelen, flemish region, belgium|https://www.linkedin.com/jobs/view/4181809583
devoteam|data scientist engineer|machelen, flemish region, belgium|https://www.linkedin.com/jobs/view/4182629346
charles river associates|senior associate (2025 phd/abd graduates) (european competition practice)|brussels, brussels region, belgium|https://www.linkedin.com/jobs/view/4257036544
sap|sustainability scientist for carbon tools integration|sofia, sofia city, worldwide|https://www.linkedin.com/jobs/view/4205531946
teramind|senior data engineer|bulgaria, worldwide|https://www.linkedin.com/jobs/view/4259769774
semrush|senior data scientist (sugar team)|cyprus, worldwide|https://www.linkedin.com/jobs/view/4239116195
claro rd|data scientist|santo domingo, distrito nacional, worldwide|https://www.linkedin.com/jobs/view/4242489430
dtu - technical university of denmark|postdoc in health data science infrastructure - dtu health tech|kongens lyngby, capital region of denmark, denmark|https://www.linkedin.com/jobs/view/4251758861
zeta global|data scientist|copenhagen, capital region of denmark, denmark|https://www.linkedin.com/jobs/view/4233099885
supervisely|data scientist, 3d point cloud|tallinn, harjumaa, worldwide|https://www.linkedin.com/jobs/view/4257965765
supervisely|data scientist|tallinn, harjumaa, worldwide|https://www.linkedin.com/jobs/view/4257969448
supervisely|data scientist, dicom|tallinn, harjumaa, worldwide|https://www.linkedin.com/jobs/view/4257969459
supervisely|senior data scientist|tallinn, harjumaa, worldwide|https://www.linkedin.com/jobs/view/4257970423
aalto university|postdoctoral researcher, erc geocloud project|espoo, uusimaa, finland|https://www.linkedin.com/jobs/view/4238494314
digia plc|data scientist|helsinki, uusimaa, finland|https://www.linkedin.com/jobs/view/4228413027
digia plc|data scientist|tampere, pirkanmaa, finland|https://www.linkedin.com/jobs/view/4228408398
the upright project|lead data scientist|helsinki, uusimaa, finland|https://www.linkedin.com/jobs/view/4159247112
sfeir|senior data scientist / ml gcp|paris, île-de-france, france|https://www.linkedin.com/jobs/view/4257889265
renault digital|senior data scientist genai (f/h)|boulogne-billancourt, île-de-france, france|https://www.linkedin.com/jobs/view/4253157173
fabulous|senior data scientist (eu timezones only)|paris, île-de-france, france|https://www.linkedin.com/jobs/view/4258429973
converteo|senior data scientist / ml engineer agentic ai h/f - cdi|paris, île-de-france, france|https://www.linkedin.com/jobs/view/4245445858
owkin|head of data delivery|paris, île-de-france, france|https://www.linkedin.com/jobs/view/4251722288
nvidia|solution architect, financial services|france|https://www.linkedin.com/jobs/view/4239871103
nokia|principal network & cloud research architect|massy, île-de-france, france|https://www.linkedin.com/jobs/view/4155474065
talabat|data scientist ii - analysis (based in dubai, uae)|paris, île-de-france, france|https://www.linkedin.com/jobs/view/4249776940
veolia|alternant data scientist|aubervilliers, île-de-france, france|https://www.linkedin.com/jobs/view/4244815175
katchme|ml engineer / data scientist - ia générative - paris|paris, île-de-france, france|https://www.linkedin.com/jobs/view/4258308133
valoway|consultant.e data scientist f/h|paris, île-de-france, france|https://www.linkedin.com/jobs/view/4223903085
converteo|senior data scientist / ml engineer agentic ai h/f - cdi|paris, île-de-france, france|https://www.linkedin.com/jobs/view/4205938636
valoway|consultant.e data scientist f/h|nantes, pays de la loire, france|https://www.linkedin.com/jobs/view/4223902184
starclay|consultant data scientist - data analyst h/f|puteaux, île-de-france, france|https://www.linkedin.com/jobs/view/4250379984
carrefour|data scientist - en stage (f/h)|massy, île-de-france, france|https://www.linkedin.com/jobs/view/4222697873
equativ|data scientist intern|paris, île-de-france, france|https://www.linkedin.com/jobs/view/4248732499
valoway|consultant.e data scientist f/h - valoway (h/f)|niort, nouvelle-aquitaine, france|https://www.linkedin.com/jobs/view/4249033976
valoway|consultant.e data scientist f/h - valoway (h/f)|île-de-france, france|https://www.linkedin.com/jobs/view/4245879586
google|ai architect iii, go-to-market applied ai, google cloud|ga, atlanta, worldwide|https://www.linkedin.com/jobs/view/4248768802
ukg|director, software development - ai/ml|ga, alpharetta, worldwide|https://www.linkedin.com/jobs/view/4225005076
ukg|fellow ai architect, generative ai|ga, alpharetta, worldwide|https://www.linkedin.com/jobs/view/4190176219
ukg|fellow ai architect, generative ai|ga, atlanta, worldwide|https://www.linkedin.com/jobs/view/4190172520
racetrac|director, enterprise data science|ga, atlanta, worldwide|https://www.linkedin.com/jobs/view/4140345951
jobs via dice|principal integrated cybersecurity architect|ga, alpharetta, worldwide|https://www.linkedin.com/jobs/view/4259110048
google|student researcher, phd, fall 2025|ga, atlanta, worldwide|https://www.linkedin.com/jobs/view/4256797550
deloitte|ai data specialist|ga, atlanta, worldwide|https://www.linkedin.com/jobs/view/4256077219
geotab|lead data scientist|ga, atlanta, worldwide|https://www.linkedin.com/jobs/view/4110571420
kavaliro|data scientist / digital commerce marketing analytics consultant|ga, atlanta, worldwide|https://www.linkedin.com/jobs/view/4258097224
racetrac|manager - data science architect|ga, atlanta, worldwide|https://www.linkedin.com/jobs/view/4139268211
adp|lead data scientist|ga, alpharetta, worldwide|https://www.linkedin.com/jobs/view/4252175729
jobs via dice|senior/lead data scientist|ga, atlanta, worldwide|https://www.linkedin.com/jobs/view/4259106438
nvidia|solution architect, financial services|germany|https://www.linkedin.com/jobs/view/4239866480
staburo gmbh|working student data scientist bioinformatics (f/m/d)|munich, bavaria, germany|https://www.linkedin.com/jobs/view/4223899255
data-talent gmbh|data scientist (m/f/d)|germany|https://www.linkedin.com/jobs/view/4199448826
7learnings|data scientist|berlin, berlin, germany|https://www.linkedin.com/jobs/view/4205798537
ceezer|data engineer & scientist (f/d/m)|berlin, berlin, germany|https://www.linkedin.com/jobs/view/4257186978
technische universität münchen (technical university of munich)|drei promotionsstellen im bereich nlp in der medizin an der tum (sebis) (m/w/d)|munich, bavaria, germany|https://www.linkedin.com/jobs/view/4258361291
conrad electronic group|junior data scientist cloud (m/w/d/pixelhead) für unsere tochterfirma re-in|hirschau, bavaria, germany|https://www.linkedin.com/jobs/view/4246219334
meltwater|data scientist|berlin, germany|https://www.linkedin.com/jobs/view/4259120013
infoplus technologies uk limited|senior ai ml engineer - german speaker|berlin, germany|https://www.linkedin.com/jobs/view/4259471057
agile robots se|tech lead - ai researcher (m/f/d) @audeering gmbh|munich, bavaria, germany|https://www.linkedin.com/jobs/view/4225616924
evoila|event streaming engineer (m/f/d)|mainz, rhineland-palatinate, germany|https://www.linkedin.com/jobs/view/4251122313
mapbox|principal software development engineer, navigation|germany|https://www.linkedin.com/jobs/view/4197498047
boussias|data scientist & engineer role|gerakas, attiki, greece|https://www.linkedin.com/jobs/view/4239541225
qualco|senior data scientist (microsoft azure)|athens, attiki, greece|https://www.linkedin.com/jobs/view/4249600642
satori analytics|ai engineer|athens, attiki, greece|https://www.linkedin.com/jobs/view/4240865660
aneira health|senior data scientist|athens metropolitan area, worldwide|https://www.linkedin.com/jobs/view/4254323292
insurancemarket|data analyst/scientist|athens, attiki, greece|https://www.linkedin.com/jobs/view/4255833472
accenture greece|senior search and analytics engineer|athens, attiki, greece|https://www.linkedin.com/jobs/view/4058980252
one identity|data architect / scientist|hungary|https://www.linkedin.com/jobs/view/4239592588
quest software|data architect / scientist|hungary|https://www.linkedin.com/jobs/view/4236859484
one identity|data architect / scientist|budapest, budapest, hungary|https://www.linkedin.com/jobs/view/4239591592
one identity|data architect / scientist|veszprém, veszprém, hungary|https://www.linkedin.com/jobs/view/4239595011
meltwater|data scientist|hungary|https://www.linkedin.com/jobs/view/4256547760
mastercard|senior data scientist-r-251319|budapest, budapest, hungary|https://www.linkedin.com/jobs/view/4250707403
equifax|junior ai data scientist|wexford, county wexford, ireland|https://www.linkedin.com/jobs/view/4248992147
mastercard|director, data scientist-r-251790|dublin, county dublin, ireland|https://www.linkedin.com/jobs/view/4255854870
sojern|senior applied scientist / data scientist|dublin, county dublin, ireland|https://www.linkedin.com/jobs/view/4242766116
sdg group italy|ai innovation architect|milan, lombardy, italy|https://www.linkedin.com/jobs/view/4242747514
fendi|data scientist|rome, latium, italy|https://www.linkedin.com/jobs/view/4251560308
joinrs italia|[remote] junior data scientist|italy|https://www.linkedin.com/jobs/view/4260054030
techyon|data analyst junior  junior data scientist  machine learning|rubano, veneto, italy|https://www.linkedin.com/jobs/view/4251789109
sol group|data scientist|monza, lombardy, italy|https://www.linkedin.com/jobs/view/4251979218
bhblasted società benefit|data scientist|caserta, campania, italy|https://www.linkedin.com/jobs/view/4200110602
gruppo maggioli|ai data scientist (bari)|bari, apulia, italy|https://www.linkedin.com/jobs/view/4249660835
bip|senior data scientist|rome, latium, italy|https://www.linkedin.com/jobs/view/4253049782
bip|senior data scientist|milan, lombardy, italy|https://www.linkedin.com/jobs/view/4248212480
remofirst|lead data scientist|kazakhstan, worldwide|https://www.linkedin.com/jobs/view/4226359476
vugene|senior bioinformatics scientist|vilnius, vilniaus, worldwide|https://www.linkedin.com/jobs/view/4234996794
davidson consulting|data scientist – machine deep learning (h/f)|luxembourg|https://www.linkedin.com/jobs/view/4182198216
sogeti|senior data scientist|bertrange, luxembourg, luxembourg|https://www.linkedin.com/jobs/view/4258745323
grid dynamics|data scientist|chişinău, chișinău, worldwide|https://www.linkedin.com/jobs/view/4076483996
grid dynamics|senior data scientist|moldova, chișinău, worldwide|https://www.linkedin.com/jobs/view/4240895114
davidson consulting|data scientist – machine deep learning (h/f)|sophia antipolis, provence-alpes-côte d'azur, france|https://www.linkedin.com/jobs/view/4249295590
ing nederland|llmops chapter lead|amsterdam, north holland, netherlands|https://www.linkedin.com/jobs/view/4257034357
mediamarkt nederland|data scientist|rotterdam, south holland, netherlands|https://www.linkedin.com/jobs/view/4250365286
cgi nederland|data scientist - maastricht|maastricht, limburg, netherlands|https://www.linkedin.com/jobs/view/4188406388
huxley|data scientist|amsterdam, north holland, netherlands|https://www.linkedin.com/jobs/view/4256028009
bol|senior data scientist|utrecht, utrecht, netherlands|https://www.linkedin.com/jobs/view/4260251902
cgi nederland|data scientist - verzekeringen & pensioenen|the randstad, netherlands|https://www.linkedin.com/jobs/view/4213912659
ikea|senior data scientist / python developer, order allocation, group digital, ingka group|amsterdam, north holland, netherlands|https://www.linkedin.com/jobs/view/4258638589
aquent|data engineer|amsterdam, north holland, netherlands|https://www.linkedin.com/jobs/view/4253210053
mploy associates|data engineer  talent program|the randstad, netherlands|https://www.linkedin.com/jobs/view/4252157063
google|software engineering manager, privacy sandbox, cloud computing|warsaw, mazowieckie, poland|https://www.linkedin.com/jobs/view/4238468548
gpc global technology center|engineering manager - search science domain|cracow, małopolskie, poland|https://www.linkedin.com/jobs/view/4244676713
gpc global technology center|engineering manager - data science|cracow, małopolskie, poland|https://www.linkedin.com/jobs/view/4251811985
genuine parts company|engineering manager - data science|cracow, małopolskie, poland|https://www.linkedin.com/jobs/view/4253097440
google|software engineer, early career, 2025 start|warsaw, mazowieckie, poland|https://www.linkedin.com/jobs/view/4224656864
google|software engineer, cloud ai, early career|warsaw, mazowieckie, poland|https://www.linkedin.com/jobs/view/4224657938
google|software engineer, performance, reliability, observability, phd, early career|warsaw, mazowieckie, poland|https://www.linkedin.com/jobs/view/4259197049
google|senior software engineer, data governance ai agent|warsaw, mazowieckie, poland|https://www.linkedin.com/jobs/view/4255549872
gpc global technology center|sr data scientist (generative ai)|cracow, małopolskie, poland|https://www.linkedin.com/jobs/view/4244687628
google|software engineer iii, google kubernetes engine|warsaw, mazowieckie, poland|https://www.linkedin.com/jobs/view/4255248689
google|senior software engineer, gemini code assist, google cloud|warsaw, mazowieckie, poland|https://www.linkedin.com/jobs/view/4240431611
blackline|data scientist|poland|https://www.linkedin.com/jobs/view/4248520633
gpc global technology center|sr data scientist - supply chain|cracow, małopolskie, poland|https://www.linkedin.com/jobs/view/4246326981
noesis|data scientist junior - lisboa/ híbrido|lisboa, lisbon, portugal|https://www.linkedin.com/jobs/view/4216746481
decskill|data scientist  lisboa|lisbon metropolitan area, worldwide|https://www.linkedin.com/jobs/view/4234988212
irium portugal|senio data scientist|viseu, viseu, portugal|https://www.linkedin.com/jobs/view/4257984711
login.works|senior data scientist|lisboa, lisbon, portugal|https://www.linkedin.com/jobs/view/4223695193
ankix|anúncio de emprego: senior data scientist (m/f) – lisboa|lisbon, lisbon, portugal|https://www.linkedin.com/jobs/view/4245208567
quintoandar|grupo quintoandar  sr machine learning engineer|portugal|https://www.linkedin.com/jobs/view/4232230005
google|partner engineer, google cloud|bucharest, bucharest, romania|https://www.linkedin.com/jobs/view/4255552427
premier energy furnizare|data scientist|craiova, dolj, romania|https://www.linkedin.com/jobs/view/4249062396
rinf.tech|lead data scientist|romania|https://www.linkedin.com/jobs/view/4254305473
data edge|data scientist|bucharest, bucharest, romania|https://www.linkedin.com/jobs/view/4253204532
re partners|data scientist|bucharest, romania|https://www.linkedin.com/jobs/view/4259529723
re partners|data scientist|bucharest metropolitan area, worldwide|https://www.linkedin.com/jobs/view/4245135469
ing hubs romania|llm data scientist @ing hubs romania|bucharest, bucharest, romania|https://www.linkedin.com/jobs/view/4258751925
ing hubs romania|llm data scientist @ing hubs romania|bucharest, romania|https://www.linkedin.com/jobs/view/4257249862
teramind|senior data engineer|romania|https://www.linkedin.com/jobs/view/4259771506
google|consulting account lead iii, google cloud consulting|los angeles, canada|https://www.linkedin.com/jobs/view/4242288060
google cloud partners|consulting account lead iii, google cloud consulting|los angeles, canada|https://www.linkedin.com/jobs/view/4242626217
sony pictures entertainment|vice president, data scientist|culver city, canada|https://www.linkedin.com/jobs/view/4225735372
xometry|senior manager, ml engineering|los angeles, canada|https://www.linkedin.com/jobs/view/4136952449
deloitte|ai data specialist|los angeles, canada|https://www.linkedin.com/jobs/view/4256080074
pwc|ai & genai data scientist – director|los angeles county, canada|https://www.linkedin.com/jobs/view/4252363419
snap inc.|staff software engineer, ml infrastructure, ai training platform|los angeles, canada|https://www.linkedin.com/jobs/view/4132943388
snap inc.|software engineer, backend, level 5|los angeles, canada|https://www.linkedin.com/jobs/view/4260286414
xometry|principal software engineer, manufacturing intelligence|los angeles, canada|https://www.linkedin.com/jobs/view/4136955241
semrush|senior data scientist (sugar team)|serbia, worldwide|https://www.linkedin.com/jobs/view/4239117075
takeda|data scientist|bratislava, bratislava, worldwide|https://www.linkedin.com/jobs/view/4129271691
segula technologies|data scientist & sap s/4hana supply chain consultant|alcobendas, community of madrid, spain|https://www.linkedin.com/jobs/view/4243566602
coverwallet, an aon company|junior data scientist|madrid, community of madrid, spain|https://www.linkedin.com/jobs/view/4260822828
qindel group|data & ai scientist (100% remote)|madrid, community of madrid, spain|https://www.linkedin.com/jobs/view/4242750444
bbva|data scientist genai (llms)|madrid, community of madrid, spain|https://www.linkedin.com/jobs/view/4143652000
telefónica|ttech_data scientist|madrid, community of madrid, spain|https://www.linkedin.com/jobs/view/4248926403
carto|senior data scientist|greater madrid metropolitan area, worldwide|https://www.linkedin.com/jobs/view/4242995900
ntt data europe & latam|data scientist / senior data scientist|barcelona, catalonia, spain|https://www.linkedin.com/jobs/view/4257894118
segula technologies|data scientist - consultant|alcobendas, community of madrid, spain|https://www.linkedin.com/jobs/view/4252570162
semrush|senior data scientist (sugar team)|spain|https://www.linkedin.com/jobs/view/4239116079
preply|senior applied ai scientist|barcelona, catalonia, spain|https://www.linkedin.com/jobs/view/4209143060
capgemini engineering|senior data scientist - hybrid intelligence|valladolid, castilla and leon, spain|https://www.linkedin.com/jobs/view/4230466413
sdg group españa|senior data scientist|spain|https://www.linkedin.com/jobs/view/3766528138
capgemini|data scientist & people manager (genai & analytics)|stockholm, stockholm county, sweden|https://www.linkedin.com/jobs/view/4259489153
wingquist laboratory|phd student in large-scale robotic 3d printing with circular biomaterials|gothenburg, västra götaland county, sweden|https://www.linkedin.com/jobs/view/4248012575
chalmers university of technology|phd student in large-scale robotic 3d printing with circular biomaterials|gothenburg, västra götaland county, sweden|https://www.linkedin.com/jobs/view/4246258286
avance consulting|data scientist|skåne county, sweden|https://www.linkedin.com/jobs/view/4259501798
rdt|data scientist|malmo, skåne county, sweden|https://www.linkedin.com/jobs/view/4259160595
tenfifty ab|remote data scientist|gothenburg, västra götaland county, sweden|https://www.linkedin.com/jobs/view/4212682500
meltwater|data scientist|stockholm, stockholm county, sweden|https://www.linkedin.com/jobs/view/4248545880
amaris consulting|data scientist - [f/m/x]|stockholm, stockholm county, sweden|https://www.linkedin.com/jobs/view/4253168758
deloitte|senior cloud consultant (e/v/e/r/y/o/n/e)|zurich, zurich, switzerland|https://www.linkedin.com/jobs/view/4247515089
nvidia|solution architect, financial services|switzerland|https://www.linkedin.com/jobs/view/4239872082
antaes consulting|data scientist|geneva, switzerland|https://www.linkedin.com/jobs/view/4255806048
lightly|machine learning engineer (oss) in a fast-growing ai startup|switzerland|https://www.linkedin.com/jobs/view/4249764164
quantumblack, ai by mckinsey|data scientist - quantumblack, ai by mckinsey|zurich, zurich, switzerland|https://www.linkedin.com/jobs/view/4253657719
enova|data scientist|geneva, geneva, switzerland|https://www.linkedin.com/jobs/view/4254881496
sabanci university|data analyst and scientist|türkiye, istanbul, worldwide|https://www.linkedin.com/jobs/view/4240027963
ing hubs türkiye|senior nlp data scientist|türkiye, istanbul, worldwide|https://www.linkedin.com/jobs/view/4088241192
epam systems|lead generative ai data scientist|ukraine|https://www.linkedin.com/jobs/view/4081259650
preply|senior applied ai scientist|kyiv, kyiv city, ukraine|https://www.linkedin.com/jobs/view/4199450827
epam systems|senior generative ai data scientist|ukraine|https://www.linkedin.com/jobs/view/4080228592
teramind|senior data engineer|ukraine|https://www.linkedin.com/jobs/view/4259774166
harnham|data scientist|london area, united kingdom|https://www.linkedin.com/jobs/view/4261008050
ellison institute of technology oxford|head of scientific compute (generative biology institute)|oxford, england, united kingdom|https://www.linkedin.com/jobs/view/4255120972
isomorphic labs|research scientist (quantum chemistry and machine learning), london|london, england, united kingdom|https://www.linkedin.com/jobs/view/4188968782
ocado technology|supply chain scientist|hatfield, england, united kingdom|https://www.linkedin.com/jobs/view/4256043983
devaney consulting, llc|google marketing platform solutions consultant|london, england, united kingdom|https://www.linkedin.com/jobs/view/4258584530
isomorphic labs|alliance manager, london or boston|london, england, united kingdom|https://www.linkedin.com/jobs/view/4258452538
ocado technology|senior data scientist - supply chain|hatfield, england, united kingdom|https://www.linkedin.com/jobs/view/4260279501
owkin|head of data delivery|london, england, united kingdom|https://www.linkedin.com/jobs/view/4252375960
mygwork - lgbtq+ business community|alliance manager, london or boston|london, england, united kingdom|https://www.linkedin.com/jobs/view/4256264738
omnicom media group uk|google marketing platform solutions consultant|greater london, england, united kingdom|https://www.linkedin.com/jobs/view/4192366566
jobs for humanity|staff data scientist|london, england, united kingdom|https://www.linkedin.com/jobs/view/4234290942
trinity resource solutions|ai engineering researcher|london area, united kingdom|https://www.linkedin.com/jobs/view/4243642722
instadeep|research scientist, generative ai (multimodal foundation models)|london, england, united kingdom|https://www.linkedin.com/jobs/view/4169984691
ge vernova's grid software|machine learning engineer – ai for grid innovation & energy transition (energy sector experience required)|stafford, england, united kingdom|https://www.linkedin.com/jobs/view/4251683056
meltwater|data scientist|greater london, england, united kingdom|https://www.linkedin.com/jobs/view/4250836531
jobs for humanity|senior data scientist|london, england, united kingdom|https://www.linkedin.com/jobs/view/4133345965
lhh|senior data scientist / ai engineer|london area, united kingdom|https://www.linkedin.com/jobs/view/4236664720
climate x|3-4 month contract climate scientist (storms)|london, england, united kingdom|https://www.linkedin.com/jobs/view/4248319600
matalan|data scientist|liverpool, england, united kingdom|https://www.linkedin.com/jobs/view/4256179581
conquest technology solutions pvt ltd|machine learning engineer|dublin, county dublin, ireland|https://www.linkedin.com/jobs/view/4259964885
meta|director, industrial relations|dublin, county dublin, ireland|https://www.linkedin.com/jobs/view/4164919194
meta|integrity compliance specialist|dublin, county dublin, ireland|https://www.linkedin.com/jobs/view/4257176174
meta|research scientist, genai speech (london)|london, england, united kingdom|https://www.linkedin.com/jobs/view/4232503797
meta|software engineer (leadership) - machine learning|london, england, united kingdom|https://www.linkedin.com/jobs/view/4150254209
genbio ai|research scientist intern|paris, île-de-france, france|https://www.linkedin.com/jobs/view/4261357240
genbio ai|research scientist (ai) - sequence|paris, île-de-france, france|https://www.linkedin.com/jobs/view/4261356382
genbio ai|research scientist (ai) - cell & tissue modeling|paris, île-de-france, france|https://www.linkedin.com/jobs/view/4261353723
genbio ai|research scientist (ai) - interactome|paris, île-de-france, france|https://www.linkedin.com/jobs/view/4261353720
genbio ai|research scientist (ai) - protein structure prediction & generation|paris, île-de-france, france|https://www.linkedin.com/jobs/view/4261354696
