company|title|location|link
schneider electric|senior data analyst|ukkel, brussels region, belgium|https://www.linkedin.com/jobs/view/4235865730
gartner|director analyst, ai data & analytics for machine learning and leadership expertise (remote europe)|copenhagen, capital region of denmark, denmark|https://www.linkedin.com/jobs/view/4255962418
datascientest.com|data analyst / intelligence artificielle  alternance (h/f)|puteaux, île-de-france, france|https://www.linkedin.com/jobs/view/4277617041
datascientest.com|data analyst  (h/f)  stage|puteaux, île-de-france, france|https://www.linkedin.com/jobs/view/4089414618
bigblue|data analyst|paris, île-de-france, france|https://www.linkedin.com/jobs/view/4168492723
datascientest.com|data analyst (h/f)  cdi|puteaux, île-de-france, france|https://www.linkedin.com/jobs/view/4244896471
tombras|retail media network data analyst|ga, atlanta, worldwide|https://www.linkedin.com/jobs/view/4277349118
amazon|data & reporting analyst , relay operations center tech & ops integration|ga, atlanta, worldwide|https://www.linkedin.com/jobs/view/4240129347
sevdesk|data analyst (m/f/x) customer success|germany|https://www.linkedin.com/jobs/view/4230747657
sevdesk|data analyst (m/f/x) customer success|berlin, berlin, germany|https://www.linkedin.com/jobs/view/4230746995
gartner|director analyst, ai data & analytics for machine learning and leadership expertise (remote europe)|berlin, berlin, germany|https://www.linkedin.com/jobs/view/4255964302
sevdesk|senior data analyst (m/f/x) product analytics|berlin, berlin, germany|https://www.linkedin.com/jobs/view/4278625798
blacklane|senior data analyst|berlin, germany|https://www.linkedin.com/jobs/view/4263996392
sevdesk|(senior) data analyst (m/f/x) marketing|berlin, berlin, germany|https://www.linkedin.com/jobs/view/4238275306
net services s.à.r.l.|(senior) data analyst (m/f/x) marketing|germany|https://www.linkedin.com/jobs/view/4238230776
gartner|director analyst, ai data & analytics for machine learning and leadership expertise (remote europe)|dublin, county dublin, ireland|https://www.linkedin.com/jobs/view/4255965134
compliance & risks|senior data analyst (fixed term contract)|cork, county cork, ireland|https://www.linkedin.com/jobs/view/4263361879
dun & bradstreet|principal data analyst|south dublin, ireland|https://www.linkedin.com/jobs/view/4256456045
qomodo|business development intern|milan, lombardy, italy|https://www.linkedin.com/jobs/view/4282111663
pwc italy|customer data analyst|milan, lombardy, italy|https://www.linkedin.com/jobs/view/4266636870
gartner|director analyst, ai data & analytics for machine learning and leadership expertise (remote europe)|rome, latium, italy|https://www.linkedin.com/jobs/view/4255967115
mysecretcase|data analyst|milan, lombardy, italy|https://www.linkedin.com/jobs/view/4263258340
amazon|data analyst, returns, recommerce & sustainability|luxembourg, luxembourg, luxembourg|https://www.linkedin.com/jobs/view/4199022034
gartner|director analyst, ai data & analytics for machine learning and leadership expertise (remote europe)|amsterdam, north holland, netherlands|https://www.linkedin.com/jobs/view/4255964303
schneider electric|senior data analyst|hoofddorp, north holland, netherlands|https://www.linkedin.com/jobs/view/4235867519
infermedica|junior/mid data analyst|poland|https://www.linkedin.com/jobs/view/4275417113
planet b2b|data analyst - ecommerce catalogs|poland|https://www.linkedin.com/jobs/view/4286171069
amazon|icqa data analyst , ktw1 icqa|sosnowiec, śląskie, poland|https://www.linkedin.com/jobs/view/4263492701
gartner|director analyst, ai data & analytics for machine learning and leadership expertise (remote europe)|warsaw, mazowieckie, poland|https://www.linkedin.com/jobs/view/4255965135
ci&t|data analyst (amazon quicksight), portugal|lisbon, lisbon, portugal|https://www.linkedin.com/jobs/view/4278064348
bloq.it|data analyst|lisboa, lisbon, portugal|https://www.linkedin.com/jobs/view/4280371285
ovilex soft|data analyst - mobile games|romania|https://www.linkedin.com/jobs/view/4267455971
pop mart|logistics data analyst|los angeles, canada|https://www.linkedin.com/jobs/view/4268758521
amazon|data analyst , external fulfillment eu|barcelona, catalonia, spain|https://www.linkedin.com/jobs/view/4285940403
amazon|data analyst , external fulfillment eu|madrid, community of madrid, spain|https://www.linkedin.com/jobs/view/4285934786
amazon|data analyst junior- control tower|barcelona, catalonia, spain|https://www.linkedin.com/jobs/view/4277699948
cabify|senior data analyst customer operations|madrid, community of madrid, spain|https://www.linkedin.com/jobs/view/4250406454
cabify|data analyst|madrid, community of madrid, spain|https://www.linkedin.com/jobs/view/4189808449
amazing agency|junior data analyst|madrid, community of madrid, spain|https://www.linkedin.com/jobs/view/4282234485
akuaro|data analyst|madrid, community of madrid, spain|https://www.linkedin.com/jobs/view/4250360973
cabify|senior marketing data analyst|madrid, community of madrid, spain|https://www.linkedin.com/jobs/view/4074761437
glovo|people data analyst - global hq (they/she/he)|barcelona, catalonia, spain|https://www.linkedin.com/jobs/view/4252523247
gartner|director analyst, ai data & analytics for machine learning and leadership expertise (remote europe)|madrid, community of madrid, spain|https://www.linkedin.com/jobs/view/4255963403
gartner|director analyst, ai data & analytics for machine learning and leadership expertise (remote europe)|stockholm, stockholm county, sweden|https://www.linkedin.com/jobs/view/4255967116
sevenapps|data analyst|istanbul, istanbul, worldwide|https://www.linkedin.com/jobs/view/4258486627
epam systems|senior data analyst|türkiye, worldwide|https://www.linkedin.com/jobs/view/4283177153
laing o'rourke|supply chain data analyst|leiston, england, united kingdom|https://www.linkedin.com/jobs/view/4227942286
runna|data analyst|london, england, united kingdom|https://www.linkedin.com/jobs/view/4270693650
bellrock group|supply chain data analyst|england, united kingdom|https://www.linkedin.com/jobs/view/4284463731
nihr (national institute for health and care research)|data analyst - healthcare research|twickenham, england, united kingdom|https://www.linkedin.com/jobs/view/4285738395
gartner|director analyst, ai data & analytics for machine learning and leadership expertise (remote europe)|london, england, united kingdom|https://www.linkedin.com/jobs/view/4255961916
freetrade|senior data analyst|london, england, united kingdom|https://www.linkedin.com/jobs/view/4283045487
vista group|data analyst|london, england, united kingdom|https://www.linkedin.com/jobs/view/4277100619
lgc|data analyst (healthcare research)|twickenham, england, united kingdom|https://www.linkedin.com/jobs/view/4285975869
emcor uk|senior administrator/data analyst|england, united kingdom|https://www.linkedin.com/jobs/view/4280223595
inetum|data analyst|madrid, community of madrid, spain|https://www.linkedin.com/jobs/view/4150470742
cabify|senior data analyst|madrid, community of madrid, spain|https://www.linkedin.com/jobs/view/4190290564
inetum|senior data analyst|madrid, community of madrid, spain|https://www.linkedin.com/jobs/view/4205300376
ruby labs|junior data analyst|albania, worldwide|https://www.linkedin.com/jobs/view/4238110190
ruby labs|junior data analyst|bulgaria, worldwide|https://www.linkedin.com/jobs/view/4238109277
ruby labs|data analyst|bulgaria, worldwide|https://www.linkedin.com/jobs/view/4211492069
ruby labs|data analyst|croatia, worldwide|https://www.linkedin.com/jobs/view/4211492068
ruby labs|data analyst|cyprus, worldwide|https://www.linkedin.com/jobs/view/4211488560
ruby labs|junior data analyst|estonia, worldwide|https://www.linkedin.com/jobs/view/4238109275
ruby labs|data analyst|estonia, worldwide|https://www.linkedin.com/jobs/view/4211491156
pennylane|senior data analyst 🇪🇺|paris, île-de-france, france|https://www.linkedin.com/jobs/view/4173016469
s-payment|data analyst (m/w/d)|stuttgart, baden-württemberg, germany|https://www.linkedin.com/jobs/view/4278557389
ruby labs|junior data analyst|latvia, worldwide|https://www.linkedin.com/jobs/view/4238103959
eis ltd|junior business analyst|riga, riga, worldwide|https://www.linkedin.com/jobs/view/4236562522
ruby labs|junior data analyst|lithuania, worldwide|https://www.linkedin.com/jobs/view/4238104779
ruby labs|data analyst|lithuania, worldwide|https://www.linkedin.com/jobs/view/4211490479
ruby labs|junior data analyst|montenegro, rio grande do sul, brazil|https://www.linkedin.com/jobs/view/4238108578
ruby labs|data analyst|poland|https://www.linkedin.com/jobs/view/4211485980
readdle|data analyst - fluix|warsaw, mazowieckie, poland|https://www.linkedin.com/jobs/view/4187476987
eis ltd|junior business analyst|warsaw, mazowieckie, poland|https://www.linkedin.com/jobs/view/4233577410
air apps|data analyst|lisbon, lisbon, portugal|https://www.linkedin.com/jobs/view/4199551110
air apps|data analyst|lisboa, lisbon, portugal|https://www.linkedin.com/jobs/view/4282234160
ruby labs|data analyst|portugal|https://www.linkedin.com/jobs/view/4211486753
constructor|data analyst: ranking team|portugal|https://www.linkedin.com/jobs/view/4282304426
sweatcoin|product data analyst|lisbon, lisbon, portugal|https://www.linkedin.com/jobs/view/4246268747
ruby labs|data analyst|romania|https://www.linkedin.com/jobs/view/4211485986
ruby labs|junior data analyst|serbia, worldwide|https://www.linkedin.com/jobs/view/4238106589
ruby labs|data analyst|serbia, worldwide|https://www.linkedin.com/jobs/view/4264175841
ruby labs|junior data analyst|slovakia, worldwide|https://www.linkedin.com/jobs/view/4238110189
ruby labs|data analyst|slovakia, worldwide|https://www.linkedin.com/jobs/view/4211493005
ruby labs|junior data analyst|slovenia, worldwide|https://www.linkedin.com/jobs/view/4238104778
ruby labs|data analyst|slovenia, worldwide|https://www.linkedin.com/jobs/view/4211487643
wallapop|senior data analyst|barcelona, catalonia, spain|https://www.linkedin.com/jobs/view/4261050876
wallapop|senior data analyst- analytics engineer|barcelona, catalonia, spain|https://www.linkedin.com/jobs/view/4268611008
appnation|data analyst|istanbul, istanbul, worldwide|https://www.linkedin.com/jobs/view/4282015686
ruby labs|data analyst|ukraine|https://www.linkedin.com/jobs/view/4211491154
bitmedia labs|data analyst|ukraine|https://www.linkedin.com/jobs/view/4276781830
appflame|appflame - lead/ head data analyst|kyiv, kyiv city, ukraine|https://www.linkedin.com/jobs/view/4270695574
nova founders capital|business analyst internship at nova founders|london, england, united kingdom|https://www.linkedin.com/jobs/view/4270264449
insurtech insights|business analyst internship at insurtech insights|london, england, united kingdom|https://www.linkedin.com/jobs/view/4271467826
seatfrog|data analyst - marketing|united kingdom|https://www.linkedin.com/jobs/view/4282253244
deel|product data analyst|united kingdom|https://www.linkedin.com/jobs/view/4284179882
match digital|marketing data analyst|london area, united kingdom|https://www.linkedin.com/jobs/view/4281232656
iag cargo|data analyst|hounslow, england, united kingdom|https://www.linkedin.com/jobs/view/4279717691
deel|product data analyst|united kingdom|https://www.linkedin.com/jobs/view/4283019673
deel|senior data analyst - marketing|united kingdom|https://www.linkedin.com/jobs/view/4281272912
deel|senior data analyst, onboarding|united kingdom|https://www.linkedin.com/jobs/view/4283024109
ruby labs|data analyst|albania, worldwide|https://www.linkedin.com/jobs/view/4258500780
bairesdev|sales operations data analyst - remote work  ref#247782|pereira, risaralda, colombia|https://www.linkedin.com/jobs/view/4258062386
i5invest|business development - trainee (all genders)|vienna, vienna, austria|https://www.linkedin.com/jobs/view/4127946908
wikifolio financial technologies ag|bi analyst/data scientist (m/w/d) vienna, austria|vienna, vienna, austria|https://www.linkedin.com/jobs/view/4258656734
frauenthal handel gruppe ag|junior data analyst:in für digitale b2b -vertriebskanäle (m/w/d)|vienna, vienna, austria|https://www.linkedin.com/jobs/view/4282596978
mavie next|data analyst (m/f/d)|vienna, vienna, austria|https://www.linkedin.com/jobs/view/4283179224
drei österreich|e-commerce data analyst (m/w/d)|vienna, vienna, austria|https://www.linkedin.com/jobs/view/4271589061
sigma llc|database engineer & data analyst job description|baku, baku ekonomic zone, worldwide|https://www.linkedin.com/jobs/view/4280756508
ruby labs|data analyst|azerbaijan, worldwide|https://www.linkedin.com/jobs/view/4258504259
leadtech group|marketing data analyst (remote) - 1014145311|minsk, minsk, worldwide|https://www.linkedin.com/jobs/view/4283789962
dela belgium|data analyst|antwerp, flemish region, belgium|https://www.linkedin.com/jobs/view/4282819736
mondelēz international|junior business analyst|mechelen, flemish region, belgium|https://www.linkedin.com/jobs/view/4213576437
webpros|product data analyst - bulgaria, europe (remote)|sofia, sofia city, worldwide|https://www.linkedin.com/jobs/view/4208434193
ukg|business data analyst ii|sofia, sofia city, worldwide|https://www.linkedin.com/jobs/view/4210822087
zeal group|business intelligence data analyst|sofia, sofia city, worldwide|https://www.linkedin.com/jobs/view/4152712720
ukg|business data analyst ii|varna, varna, worldwide|https://www.linkedin.com/jobs/view/4210819460
enery|data science analyst – epo (sofia, bulgaria) (f/m/d)|sofia, sofia city, worldwide|https://www.linkedin.com/jobs/view/4284455725
ruby labs|data analyst|bulgaria, worldwide|https://www.linkedin.com/jobs/view/4258504260
progress|senior marketing data analyst|sofia, sofia city, worldwide|https://www.linkedin.com/jobs/view/4280144727
trinetix|business analyst/product owner. healthcare. clinical data|sofia, sofia city, worldwide|https://www.linkedin.com/jobs/view/4269393665
intellias|senior data analyst for reserve|croatia, worldwide|https://www.linkedin.com/jobs/view/4283179624
xbo.com|data business analyst|limassol municipality, limassol, worldwide|https://www.linkedin.com/jobs/view/4281259053
fintop consulting|data/business analyst|cyprus, limassol, worldwide|https://www.linkedin.com/jobs/view/4281707563
zeal group|business intelligence data analyst|limassol, limassol, worldwide|https://www.linkedin.com/jobs/view/4152714468
bridgerpay|data analyst|limassol municipality, limassol, worldwide|https://www.linkedin.com/jobs/view/4282207047
stellartech|data analyst - partly for monetization and marketing (remote)|vasa kellakiou, limassol, worldwide|https://www.linkedin.com/jobs/view/4280256680
n8n|data analyst plg (remote europe)|denmark|https://www.linkedin.com/jobs/view/4269800663
dalux|marketing data analyst|copenhagen municipality, capital region of denmark, denmark|https://www.linkedin.com/jobs/view/4137552412
nordea|lead data analyst - payments data|copenhagen, capital region of denmark, denmark|https://www.linkedin.com/jobs/view/4282151311
bolt|data analyst, marketing|tallinn, harjumaa, worldwide|https://www.linkedin.com/jobs/view/4280630541
n8n|data analyst plg (remote europe)|finland|https://www.linkedin.com/jobs/view/4269599700
token terminal|blockchain data analyst|helsinki, uusimaa, finland|https://www.linkedin.com/jobs/view/4285388321
elisa|data analyst (helsinki, other)|helsinki, southwest finland, finland|https://www.linkedin.com/jobs/view/4270243973
nord group - a genhive partner|lead data analyst|helsinki, uusimaa, finland|https://www.linkedin.com/jobs/view/4279898753
nordea|lead data analyst - payments data|helsinki, uusimaa, finland|https://www.linkedin.com/jobs/view/4282146853
id-entité|stagiaire développement commercial|domène, auvergne-rhône-alpes, france|https://www.linkedin.com/jobs/view/3848327659
infogene|business analyst data|greater paris metropolitan region, worldwide|https://www.linkedin.com/jobs/view/4268988565
hermès|cdi - analytics engineer / data analyst (h/f)|paris, île-de-france, france|https://www.linkedin.com/jobs/view/4245317795
upflow|data analyst intern|paris, île-de-france, france|https://www.linkedin.com/jobs/view/4224025499
°arcane|consultant data analyst / scientist - stage fe (h-f)|paris, île-de-france, france|https://www.linkedin.com/jobs/view/4270282994
n8n|data analyst plg (remote europe)|france|https://www.linkedin.com/jobs/view/4269596960
groupe adf|fleet & mobility data analyst – global operations f/h|vitrolles, provence-alpes-côte d'azur, france|https://www.linkedin.com/jobs/view/4270225873
sia|consultant(e) data analyst|paris, île-de-france, france|https://www.linkedin.com/jobs/view/4270618747
eic - experience internship canada|stage data analyst marketing (h/f) - canada|paris, île-de-france, france|https://www.linkedin.com/jobs/view/4244682896
groupe bpce|data analyst risk f/h|paris, île-de-france, france|https://www.linkedin.com/jobs/view/4256907561
jobs via efinancialcareers|consultant expérimenté data analyst  cdi  f/h - pwc|neuilly-sur-seine, île-de-france, france|https://www.linkedin.com/jobs/view/4283970981
laboratoires üma|📊 alternance data & retention analyst intern - laboratoires üma (remote possible)|grenoble, auvergne-rhône-alpes, france|https://www.linkedin.com/jobs/view/4277481329
tigrz.paris|data analyst (h/f)|paris, île-de-france, france|https://www.linkedin.com/jobs/view/4268748529
studapart|senior data analyst|paris, île-de-france, france|https://www.linkedin.com/jobs/view/4281492785
the estée lauder companies inc.|crm data analyst|neuilly-sur-seine, île-de-france, france|https://www.linkedin.com/jobs/view/4231960613
studi|data analyst (f/h) - alternance|montpellier, occitanie, france|https://www.linkedin.com/jobs/view/4281162184
nexton|data analyst h/f|paris, île-de-france, france|https://www.linkedin.com/jobs/view/4279478905
nexton|data analyst h/f|lille, hauts-de-france, france|https://www.linkedin.com/jobs/view/4275949052
agoda|associate data analyst (new graduate, thai speaking) (bangkok based)|paris, île-de-france, france|https://www.linkedin.com/jobs/view/4285640237
ecf group|web data analyst h/f|grigny, île-de-france, france|https://www.linkedin.com/jobs/view/4275617371
city of atlanta|visual data analyst|ga, atlanta, worldwide|https://www.linkedin.com/jobs/view/4283567823
mediavine|data analyst ii - (remote - us)|ga, atlanta, worldwide|https://www.linkedin.com/jobs/view/4284047835
jobright.ai|visual data analyst, entry level|ga, atlanta, worldwide|https://www.linkedin.com/jobs/view/4281760154
jobright.ai|junior visual data analyst|ga, atlanta, worldwide|https://www.linkedin.com/jobs/view/4284221341
publicis digital experience|senior analyst, data analytics & intelligence|ga, atlanta, worldwide|https://www.linkedin.com/jobs/view/4284174562
cady|data analyst specialist|ga, alpharetta, worldwide|https://www.linkedin.com/jobs/view/4282855280
at&t|lead data analyst|ga, atlanta, worldwide|https://www.linkedin.com/jobs/view/4284168349
spartan technologies|marketing data analyst|ga, atlanta, worldwide|https://www.linkedin.com/jobs/view/4250720783
agoda|associate data analyst (new graduate, thai speaking) (bangkok based)|ga, atlanta, worldwide|https://www.linkedin.com/jobs/view/4285633969
medigo gmbh|business development & strategy intern (f/m/d)|berlin, berlin, germany|https://www.linkedin.com/jobs/view/4230838075
joyson safety systems hungary|ba-student industrielle produktion / ssr fertigungsmesstechnik / qualitätsmanagement (all)|elterlein, saxony, germany|https://www.linkedin.com/jobs/view/4148292553
onu.energy|business development - praktikant (f/m/d)|berlin, berlin, germany|https://www.linkedin.com/jobs/view/4235212060
plancraft|business development intern spain - saas/ b2b (f/m/d)|hamburg, hamburg, germany|https://www.linkedin.com/jobs/view/4228952067
mister sandman gmbh|intern business development - french market|berlin, berlin, germany|https://www.linkedin.com/jobs/view/4278048224
plancraft|business development intern poland - saas/ b2b (f/m/d)|hamburg, hamburg, germany|https://www.linkedin.com/jobs/view/4228951346
1komma5°|internship energy data analyst (m/w/d)|hamburg, hamburg, germany|https://www.linkedin.com/jobs/view/4278226061
n8n|data analyst plg (remote europe)|germany|https://www.linkedin.com/jobs/view/4269598827
n8n|data analyst plg (remote europe)|berlin, berlin, germany|https://www.linkedin.com/jobs/view/4269598826
tietalent|werkstudent data analyst (m/w/d)|berlin, berlin, germany|https://www.linkedin.com/jobs/view/4282763916
wunderflats|senior sales & operations data analyst (f/m/d)|berlin, germany|https://www.linkedin.com/jobs/view/4269690460
about you|data analyst (m/f/d)|hamburg, germany|https://www.linkedin.com/jobs/view/4280076466
pilot group|data analyst (m/w/d/x)  schwerpunkt media|hamburg, hamburg, germany|https://www.linkedin.com/jobs/view/4273599999
pilot group|data analyst (m/w/d/x)  schwerpunkt media|hamburg, germany|https://www.linkedin.com/jobs/view/4280987558
payback|data analyst (m/w/d)|munich, bavaria, germany|https://www.linkedin.com/jobs/view/4273693621
aldi nord group|data analyst (m/w/d)|essen, north rhine-westphalia, germany|https://www.linkedin.com/jobs/view/4277545096
zalando|senior data analyst - size & fit (all genders)|berlin, berlin, germany|https://www.linkedin.com/jobs/view/4284413051
kaufland|crm data analyst (m/w/d)|neckarsulm, baden-württemberg, germany|https://www.linkedin.com/jobs/view/4102356197
tennis-point|data analyst (m/w/d) – e-commerce & data engineering|herzebrock-clarholz, north rhine-westphalia, germany|https://www.linkedin.com/jobs/view/4262179074
mercier consultancy|french speaking data analyst for social media department|athens, attiki, greece|https://www.linkedin.com/jobs/view/4284023105
mercier consultancy|italian speaking data analyst for social media department|athens, attiki, greece|https://www.linkedin.com/jobs/view/4283403220
mercier consultancy|german speaking data analyst for social media department|athens, attiki, greece|https://www.linkedin.com/jobs/view/4284075775
mercier consultancy|spanish speaking data analyst for social media department|athens, attiki, greece|https://www.linkedin.com/jobs/view/4281923494
ruby labs|data analyst|greece|https://www.linkedin.com/jobs/view/4283165061
mercier consultancy|dutch speaking data analyst for social media department|athens, attiki, greece|https://www.linkedin.com/jobs/view/4283450730
mercier consultancy|nordic speaking data analyst for social media department|athens, attiki, greece|https://www.linkedin.com/jobs/view/4283409712
etraveli group|cost data analyst (b2c payments)|athens, attiki, greece|https://www.linkedin.com/jobs/view/4092232075
silvare|data governance analyst|athens, attiki, greece|https://www.linkedin.com/jobs/view/4255696912
chubb|senior data analyst|thessaloniki, central macedonia, greece|https://www.linkedin.com/jobs/view/4273891646
webpros|product data analyst - hungary, europe (remote)|budapest, budapest, hungary|https://www.linkedin.com/jobs/view/4231452444
chemaxon|senior bi & data analyst|budapest, hungary|https://www.linkedin.com/jobs/view/4280773407
rheinmetall 4ig digital services (r4)|senior data analyst|hungary|https://www.linkedin.com/jobs/view/4282234432
capgemini|business analyst - hr data domain|budapest, budapest, hungary|https://www.linkedin.com/jobs/view/4270748432
givaudan|sustainability data solutions analyst|budapest, budapest, hungary|https://www.linkedin.com/jobs/view/4104199873
google|associate data analyst, sellside, early careers|dublin, county dublin, ireland|https://www.linkedin.com/jobs/view/4284203404
cohesity|data responsibility analyst|greater dublin, worldwide|https://www.linkedin.com/jobs/view/4285640474
jpmorganchase|workplace solutions - data analyst, vice president|dublin, county dublin, ireland|https://www.linkedin.com/jobs/view/4282195475
equifax|ai data analyst (fixed term contract)|wexford, county wexford, ireland|https://www.linkedin.com/jobs/view/4277180173
the hustle|senior data analyst|dublin, county dublin, ireland|https://www.linkedin.com/jobs/view/4278672989
intercom|senior people data analyst|dublin, county dublin, ireland|https://www.linkedin.com/jobs/view/4243307226
equifax|senior ai data analyst|wexford, county wexford, ireland|https://www.linkedin.com/jobs/view/4277177459
auto1 group|junior business analyst autohero pavia|voghera, lombardy, italy|https://www.linkedin.com/jobs/view/4264702111
juventus football club|strategic partnership data analyst|greater turin metropolitan area, worldwide|https://www.linkedin.com/jobs/view/4280592836
giacomo milano|junior data analyst - giacomo milano|milan, lombardy, italy|https://www.linkedin.com/jobs/view/4284136311
unieuro s.p.a.|unieuro - junior data analyst|milan, lombardy, italy|https://www.linkedin.com/jobs/view/4251514487
fler|junior finance/data analyst|milan, lombardy, italy|https://www.linkedin.com/jobs/view/4269626888
subito|sales data analyst|milan, lombardy, italy|https://www.linkedin.com/jobs/view/4238978738
olivetti|business data analyst|turin, piedmont, italy|https://www.linkedin.com/jobs/view/4279465811
olivetti|business data analyst|milan, lombardy, italy|https://www.linkedin.com/jobs/view/4279466713
unieuro s.p.a.|unieuro - junior data analyst|forlì, emilia-romagna, italy|https://www.linkedin.com/jobs/view/4251511773
glovo|data analyst marketing & growth - italy (they/she/he)|milan, lombardy, italy|https://www.linkedin.com/jobs/view/4265237859
mc engineering|data analyst (l.68/99 - categorie protette)|milan, lombardy, italy|https://www.linkedin.com/jobs/view/4259470076
sdg group italy|junior data analyst - categorie protette (68/99)|italy|https://www.linkedin.com/jobs/view/4280767311
agoda|associate data analyst (new graduate, thai speaking) (bangkok based)|milan, lombardy, italy|https://www.linkedin.com/jobs/view/4285636481
hippocrates holding s.p.a.|digital data analyst specialist|milan, lombardy, italy|https://www.linkedin.com/jobs/view/4279702153
agoda|data analyst (bangkok based, relocation provided)|milan, lombardy, italy|https://www.linkedin.com/jobs/view/4285638276
sdg group italy|junior data analyst - categorie protette (68/99)|milan, lombardy, italy|https://www.linkedin.com/jobs/view/4280763600
sdg group italy|junior data analyst - categorie protette (68/99)|verona, veneto, italy|https://www.linkedin.com/jobs/view/4280761980
sdg group italy|junior data analyst - categorie protette (68/99)|florence, tuscany, italy|https://www.linkedin.com/jobs/view/4280763588
edenred uta mobility|senior marketing data analyst|milan, lombardy, italy|https://www.linkedin.com/jobs/view/4278773086
printful|data analyst|riga, riga, worldwide|https://www.linkedin.com/jobs/view/4253310310
printful|senior growth data analyst|latvia, worldwide|https://www.linkedin.com/jobs/view/4223567459
discovercars.com|senior web data analyst|riga, riga, worldwide|https://www.linkedin.com/jobs/view/4245447623
nord security|data analyst  mid  nordprotect|kaunas, kaunas, worldwide|https://www.linkedin.com/jobs/view/4277637542
oxylabs.io|pr data analyst|vilnius, vilniaus, worldwide|https://www.linkedin.com/jobs/view/4279678467
nord security|data analyst  mid  nordprotect|vilnius, vilniaus, worldwide|https://www.linkedin.com/jobs/view/4277637541
nord security|data analyst  mid-senior  saily|vilnius, vilniaus, worldwide|https://www.linkedin.com/jobs/view/4269859507
nord security|data analyst  mid-senior  saily|kaunas, kaunas, worldwide|https://www.linkedin.com/jobs/view/4269856988
adtractive|senior data analyst|vilnius, vilniaus, worldwide|https://www.linkedin.com/jobs/view/4283189884
ey|digital factory -  senior data analyst - senior associate|luxembourg, luxembourg, luxembourg|https://www.linkedin.com/jobs/view/4273741090
ey|digital factory - senior data analyst - senior associate|luxembourg, luxembourg, luxembourg|https://www.linkedin.com/jobs/view/4272127845
skeeled|talent sourcing & business development intern|differdange, luxembourg, luxembourg|https://www.linkedin.com/jobs/view/4272096131
deloitte|marketing data analyst - job based in luxembourg|luxembourg, luxembourg, luxembourg|https://www.linkedin.com/jobs/view/4274633567
cgph banque d'affaires|investment & business development intern (trilingual: it/fr/en)|monaco, worldwide|https://www.linkedin.com/jobs/view/4281710006
tripleten indonesia|growth data analyst|montenegro, rio grande do sul, brazil|https://www.linkedin.com/jobs/view/4281741455
eneco|data analyst analytics platform|rotterdam and the hague, worldwide|https://www.linkedin.com/jobs/view/4275617700
marie-stella-maris (b corp)|data analyst/ bi specialist|amsterdam, north holland, netherlands|https://www.linkedin.com/jobs/view/4283090666
n8n|data analyst plg (remote europe)|netherlands|https://www.linkedin.com/jobs/view/4269800662
virtual vaults|marketing & data analyst|rotterdam, south holland, netherlands|https://www.linkedin.com/jobs/view/4284120744
bol|data analyst scalable retailing|utrecht, utrecht, netherlands|https://www.linkedin.com/jobs/view/4283777383
trip.com group|marketing data analyst|amsterdam, north holland, netherlands|https://www.linkedin.com/jobs/view/4270296072
virtual vaults|marketing data analyst|rotterdam, south holland, netherlands|https://www.linkedin.com/jobs/view/4284087525
jetbrains|data analyst (jetbrains ai)|amsterdam area, worldwide|https://www.linkedin.com/jobs/view/4268076608
digital power|data analyst|amsterdam area, worldwide|https://www.linkedin.com/jobs/view/4271804073
n8n|data analyst plg (remote europe)|norway|https://www.linkedin.com/jobs/view/4269598825
webpros|product data analyst - poland, europe (remote)|warsaw, mazowieckie, poland|https://www.linkedin.com/jobs/view/4231449870
growe partners|middle data analyst|warsaw, mazowieckie, poland|https://www.linkedin.com/jobs/view/4281705574
growe talents|middle data analyst|warsaw, mazowieckie, poland|https://www.linkedin.com/jobs/view/4284431011
tribe47|e-commerce data analyst (part-time)|warsaw, mazowieckie, poland|https://www.linkedin.com/jobs/view/4280946844
tylko|bi analyst (data analyst)|warsaw, mazowieckie, poland|https://www.linkedin.com/jobs/view/4238810822
tribe47|e-commerce data analyst (part-time)|warsaw, mazowieckie, poland|https://www.linkedin.com/jobs/view/4280471482
tribe47|e-commerce data analyst (part-time)|warsaw, mazowieckie, poland|https://www.linkedin.com/jobs/view/4280945885
asana|data analyst|warsaw, mazowieckie, poland|https://www.linkedin.com/jobs/view/4209546425
leadtech group|marketing data analyst (remote) - 1014145311|poland|https://www.linkedin.com/jobs/view/4283791721
rtb house|hr data analyst|poland|https://www.linkedin.com/jobs/view/4262195725
glovo|senior data analyst (they/she/he)|warsaw, mazowieckie, poland|https://www.linkedin.com/jobs/view/4281615434
ocado technology|staff data analyst - supply chain|cracow, małopolskie, poland|https://www.linkedin.com/jobs/view/4281931759
agoda|data analyst (bangkok based, relocation provided)|warsaw, mazowieckie, poland|https://www.linkedin.com/jobs/view/4285639255
oanda|senior data analyst|cracow, małopolskie, poland|https://www.linkedin.com/jobs/view/4234858630
tripledot studios|fraud data analyst|warsaw, mazowieckie, poland|https://www.linkedin.com/jobs/view/4258852823
inpost|(senior) big data analyst|poland|https://www.linkedin.com/jobs/view/4263466309
luxoft poland|senior system and data analyst|warsaw, mazowieckie, poland|https://www.linkedin.com/jobs/view/4270695966
agoda|associate data analyst (new graduate, thai speaking) (bangkok based)|warsaw, mazowieckie, poland|https://www.linkedin.com/jobs/view/4285636464
emma – the sleep company|business performance analysis intern|lisboa, lisbon, portugal|https://www.linkedin.com/jobs/view/4225739454
uniplaces|senior business and data analyst|portugal|https://www.linkedin.com/jobs/view/4264628237
webpros|product data analyst - portugal, europe (remote)|lisboa, lisbon, portugal|https://www.linkedin.com/jobs/view/4231447918
tripleten|growth data analyst|lisboa, lisbon, portugal|https://www.linkedin.com/jobs/view/4283974114
n8n|data analyst plg (remote europe)|portugal|https://www.linkedin.com/jobs/view/4269596961
kcs it|anúncio de emprego: big data analyst|lisbon, lisbon, portugal|https://www.linkedin.com/jobs/view/4245206572
feedzai|data analyst|portugal|https://www.linkedin.com/jobs/view/4260953138
syffer|data analyst - qlik|lisbon, lisbon, portugal|https://www.linkedin.com/jobs/view/4262368639
closer consulting|business analyst/data analyst|lisbon, portugal|https://www.linkedin.com/jobs/view/4271737291
webpros|product data analyst - romania, europe (remote)|bucharest, bucharest, romania|https://www.linkedin.com/jobs/view/4231447913
segula technologies|data analyst automotive|bucharest, bucharest, romania|https://www.linkedin.com/jobs/view/4257982712
hipo.ro|data analyst for ai|ilfov, romania|https://www.linkedin.com/jobs/view/4238733687
ruby labs|data analyst|romania|https://www.linkedin.com/jobs/view/4258500783
tchibo|marketing data analyst (m/f/d), bucharest (romania)|bucharest metropolitan area, worldwide|https://www.linkedin.com/jobs/view/4205487627
amdaris|marketing data analyst|bucharest, bucharest, romania|https://www.linkedin.com/jobs/view/4281641666
amdaris|marketing data analyst|romania|https://www.linkedin.com/jobs/view/4280903698
wipro romania|data analyst|romania|https://www.linkedin.com/jobs/view/4281008006
emag|data analyst (ads team)|bucharest, bucharest, romania|https://www.linkedin.com/jobs/view/4230101838
tiktok|data analyst, operations - usds|los angeles, canada|https://www.linkedin.com/jobs/view/4271380431
sawhorse productions|data analyst|los angeles, canada|https://www.linkedin.com/jobs/view/4283415509
jobright.ai|junior data analyst (bangkok based, relocation provided)|los angeles, canada|https://www.linkedin.com/jobs/view/4286163524
grüns|senior analyst, data & insights|los angeles, canada|https://www.linkedin.com/jobs/view/4268663558
agoda|associate data analyst (new graduate, thai speaking) (bangkok based)|los angeles, canada|https://www.linkedin.com/jobs/view/4285638242
io associates - us|ecommerce data analyst|los angeles metropolitan area, worldwide|https://www.linkedin.com/jobs/view/4273261472
anine bing|data analyst|los angeles, canada|https://www.linkedin.com/jobs/view/4256556561
agoda|data analyst (bangkok based, relocation provided)|los angeles, canada|https://www.linkedin.com/jobs/view/4285635525
fanatics|senior product data analyst|los angeles, canada|https://www.linkedin.com/jobs/view/4243383478
goodrx|sr. data analyst|santa monica, canada|https://www.linkedin.com/jobs/view/4272190154
zeal group|business intelligence data analyst|serbia, belgrade, worldwide|https://www.linkedin.com/jobs/view/4152712731
tripleten indonesia|growth data analyst|serbia, worldwide|https://www.linkedin.com/jobs/view/4281739734
tripleten|growth data analyst|serbia, belgrade, worldwide|https://www.linkedin.com/jobs/view/4283967895
ruby labs|data analyst|serbia, worldwide|https://www.linkedin.com/jobs/view/4258499893
better collective|digital pr data analyst|nis metropolitan area, worldwide|https://www.linkedin.com/jobs/view/4259409711
ruby labs|data analyst|slovakia, worldwide|https://www.linkedin.com/jobs/view/4258499892
lyreco central europe|digital marketing data analyst|pezinok, bratislava, worldwide|https://www.linkedin.com/jobs/view/4228475932
ruby labs|data analyst|slovenia, worldwide|https://www.linkedin.com/jobs/view/4258500782
globant|business development trainee - madrid|madrid, community of madrid, spain|https://www.linkedin.com/jobs/view/4277595989
fc barcelona|junior business analyst - barça licensing & merchandising|barcelona, catalonia, spain|https://www.linkedin.com/jobs/view/4284090231
telefónica|beca talentum - business data analyst|madrid, community of madrid, spain|https://www.linkedin.com/jobs/view/4257046719
aic travel group sa|data analyst - travel industry|las palmas de gran canaria, canary islands, spain|https://www.linkedin.com/jobs/view/4283922625
diggia group|strategy data analyst|madrid, community of madrid, spain|https://www.linkedin.com/jobs/view/4211352073
aic travel group sa|data analyst - travel industry|balearic islands, spain|https://www.linkedin.com/jobs/view/4283926058
aic travel group sa|data analyst - travel industry|barcelona, catalonia, spain|https://www.linkedin.com/jobs/view/4283925153
aic travel group sa|data analyst - travel industry|valencia, valencian community, spain|https://www.linkedin.com/jobs/view/4283918893
openteca|business data analyst|barcelona, catalonia, spain|https://www.linkedin.com/jobs/view/4279648077
aic travel group sa|data analyst - travel industry|madrid, community of madrid, spain|https://www.linkedin.com/jobs/view/4283923625
aic travel group sa|data analyst - travel industry|valladolid, castilla and leon, spain|https://www.linkedin.com/jobs/view/4284177981
aic travel group sa|data analyst - travel industry|alicante, valencian community, spain|https://www.linkedin.com/jobs/view/4283924214
aic travel group sa|data analyst - travel industry|santander, cantabria, spain|https://www.linkedin.com/jobs/view/4283920815
mediamarkt españa|data analyst - app analytics team (m/f/d)|barcelona, catalonia, spain|https://www.linkedin.com/jobs/view/4282808179
aic travel group sa|data analyst - travel industry|burgos, castilla and leon, spain|https://www.linkedin.com/jobs/view/4284177977
aic travel group sa|data analyst - travel industry|córdoba, andalusia, spain|https://www.linkedin.com/jobs/view/4284179722
oneimaging|data analyst, member services|spain|https://www.linkedin.com/jobs/view/4268860043
aic travel group sa|data analyst - travel industry|zaragoza, aragon, spain|https://www.linkedin.com/jobs/view/4284178737
aic travel group sa|data analyst - travel industry|albacete, castile-la mancha, spain|https://www.linkedin.com/jobs/view/4284177985
leadtech group|data analyst (full remote within spain) (disability certificate 33 required)|spain|https://www.linkedin.com/jobs/view/4284098118
h&m|senior data analyst - temporary|stockholm, stockholm county, sweden|https://www.linkedin.com/jobs/view/4285964167
signific|data analyst|södermalm, stockholm county, sweden|https://www.linkedin.com/jobs/view/4124606718
hedvig|data analyst|stockholm, stockholm county, sweden|https://www.linkedin.com/jobs/view/4281190662
roxtec group|marketing data analyst|karlskrona, blekinge county, sweden|https://www.linkedin.com/jobs/view/4255960632
capgemini|data analyst & people manager (genai & analytics)|malmo, skåne county, sweden|https://www.linkedin.com/jobs/view/4259484713
tietalent|data analyst (focus online-shops)|aargau, switzerland|https://www.linkedin.com/jobs/view/4282896311
brack.alltron|data analyst (focus online-shops)|mägenwil, aargau, switzerland|https://www.linkedin.com/jobs/view/4263440867
randstad switzerland|sap master data analyst|kaiseraugst, aargau, switzerland|https://www.linkedin.com/jobs/view/4270681104
sygnum bank|internship - business analyst, marketing|zurich, switzerland|https://www.linkedin.com/jobs/view/4281278574
audemars piguet|business analyst data domain – customer solutions|le brassus, vaud, switzerland|https://www.linkedin.com/jobs/view/4270503735
ing hubs türkiye|data analyst (genai)|türkiye, istanbul, worldwide|https://www.linkedin.com/jobs/view/4249700519
mars athletic club|data analyst|beşiktaş, istanbul, worldwide|https://www.linkedin.com/jobs/view/4282549378
rollic|data analyst|türkiye, istanbul, worldwide|https://www.linkedin.com/jobs/view/4259865713
bitaksi|data analyst|türkiye, istanbul, worldwide|https://www.linkedin.com/jobs/view/4260066579
hotelfriend ag|business & data analyst - remote / part time possible|ukraine|https://www.linkedin.com/jobs/view/4277166754
client accelerators|data analyst|ukraine|https://www.linkedin.com/jobs/view/4281479817
12go|data analyst (finance)|ukraine|https://www.linkedin.com/jobs/view/4282103260
12go|data analyst (finance)|ukraine|https://www.linkedin.com/jobs/view/4272254110
skelar|data analyst (liven)|kyiv, kyiv city, ukraine|https://www.linkedin.com/jobs/view/4237006746
ruby labs|data analyst|ukraine|https://www.linkedin.com/jobs/view/4258500781
epam systems|senior powerbi developer / data analyst|ukraine|https://www.linkedin.com/jobs/view/4275391329
sigma llc|database engineer & data analyst job description|kyiv, ukraine|https://www.linkedin.com/jobs/view/4280757435
sumup|pricing analyst intern|london, england, united kingdom|https://www.linkedin.com/jobs/view/4282850569
hirist|data  analyst & insights intern|united kingdom|https://www.linkedin.com/jobs/view/4282821652
zeal group|business intelligence data analyst|london, england, united kingdom|https://www.linkedin.com/jobs/view/4152713556
cohesity|data responsibility analyst|greater reading area, worldwide|https://www.linkedin.com/jobs/view/4285638464
zero deposit|junior data analyst|hitchin, england, united kingdom|https://www.linkedin.com/jobs/view/4283095152
genie shopping|data analyst (genie shopping css)|london area, united kingdom|https://www.linkedin.com/jobs/view/4284436538
jobs via efinancialcareers|data support analyst - global data analytics - bloomberg|london, england, united kingdom|https://www.linkedin.com/jobs/view/4286208918
frasers group|data implementation analyst|london, england, united kingdom|https://www.linkedin.com/jobs/view/4281346186
hometree|data analyst|london, england, united kingdom|https://www.linkedin.com/jobs/view/4282872756
targetjobs uk|graduate data analyst|london, england, united kingdom|https://www.linkedin.com/jobs/view/4270249829
phorest software|commercial data analyst|leatherhead, england, united kingdom|https://www.linkedin.com/jobs/view/4281248913
intellect group|junior data analyst|london area, united kingdom|https://www.linkedin.com/jobs/view/4274753801
pharmacy2u ltd|digital & commercial data analyst|leeds, england, united kingdom|https://www.linkedin.com/jobs/view/4264160721
the orchard|data analyst|london area, united kingdom|https://www.linkedin.com/jobs/view/4281711048
harrow health cic|data analyst|london, england, united kingdom|https://www.linkedin.com/jobs/view/4282692114
horizontal digital|data analyst - contractor|london, england, united kingdom|https://www.linkedin.com/jobs/view/4264146561
pa media|junior data analyst|howden, england, united kingdom|https://www.linkedin.com/jobs/view/4285924345
royal borough of kingston upon thames|data analyst assistant|kingston upon thames, england, united kingdom|https://www.linkedin.com/jobs/view/4283921498
crew clothing company|customer data analyst|kingston upon thames, england, united kingdom|https://www.linkedin.com/jobs/view/4279240793
glovo|automation data analyst i (they/she/he)|barcelona, catalonia, spain|https://www.linkedin.com/jobs/view/4115749963
preply|junior data analyst|barcelona, catalonia, spain|https://www.linkedin.com/jobs/view/4270769697
reverse tech|marketing data analyst|barcelona, catalonia, spain|https://www.linkedin.com/jobs/view/4278777548
gmv|data governance and ai governance analyst (technical profile)|barcelona, catalonia, spain|https://www.linkedin.com/jobs/view/4243898582
galenicum|data analyst|esplugues de llobregat, catalonia, spain|https://www.linkedin.com/jobs/view/4277521124
capgemini|data engineer, data analyst, gen ai expert|barcelona, catalonia, spain|https://www.linkedin.com/jobs/view/4213848947
denkwerk gmbh|data analyst - online marketing (m/w/d)|berlin, germany|https://www.linkedin.com/jobs/view/4268414999
getyourguide|staff data analyst, marketing analytics|berlin, berlin, germany|https://www.linkedin.com/jobs/view/4221383502
gigs|senior data analyst|berlin, germany|https://www.linkedin.com/jobs/view/4257296991
skillsearch|data analyst (mobile games)|european union, worldwide|https://www.linkedin.com/jobs/view/4271293003
vasco electronics|data analyst|cracow, małopolskie, poland|https://www.linkedin.com/jobs/view/4261006071
helprise|compliance data analyst|cracow, małopolskie, poland|https://www.linkedin.com/jobs/view/4259414744
luxoft poland|senior system and data analyst|cracow, małopolskie, poland|https://www.linkedin.com/jobs/view/4278792149
geotab|senior data analyst|cracow, małopolskie, poland|https://www.linkedin.com/jobs/view/4273253008
tp|privacy data analyst - fluent german|cracow, małopolskie, poland|https://www.linkedin.com/jobs/view/4272020808
tp|privacy data analyst - fluent german|cracow, małopolskie, poland|https://www.linkedin.com/jobs/view/4275923676
sii poland|senior ecommerce data analyst|cracow, małopolskie, poland|https://www.linkedin.com/jobs/view/4278833251
luxoft poland|senior system and data analyst|cracow, małopolskie, poland|https://www.linkedin.com/jobs/view/4271404135
addepar|sr. data projects analyst|edinburgh, scotland, united kingdom|https://www.linkedin.com/jobs/view/4265199071
starcom germany|starcom - data analyst media (m/w/d) - frankfurt|frankfurt rhine-main metropolitan area, worldwide|https://www.linkedin.com/jobs/view/4271322062
rose bikes|data analyst commerce (m/w/d)|hamburg, hamburg, germany|https://www.linkedin.com/jobs/view/4277539626
speed kit|(senior) data product & visualization analyst - remote or hamburg|hamburg, hamburg, germany|https://www.linkedin.com/jobs/view/4281230684
about you|data analyst (m/f/d) - supply data solutions - onsite in hamburg|hamburg, germany|https://www.linkedin.com/jobs/view/4248195523
about you|data analyst (m/w/d) - supply data solutions - onsite in hamburg|hamburg, germany|https://www.linkedin.com/jobs/view/4248193394
about you|data analyst (m/f/d)|hamburg, germany|https://www.linkedin.com/jobs/view/4280085245
betterme|data analyst|kyiv, kyiv city, ukraine|https://www.linkedin.com/jobs/view/4278514720
obrio|data analyst (marketing)|kyiv, kyiv city, ukraine|https://www.linkedin.com/jobs/view/4208453715
viseven|data analyst|kyiv, kyiv city, ukraine|https://www.linkedin.com/jobs/view/4269694005
universe group|data analyst|kyiv, kyiv city, ukraine|https://www.linkedin.com/jobs/view/4280471041
lateam partners|data analyst|kyiv, ukraine|https://www.linkedin.com/jobs/view/4282190003
betterme|senior data analyst (web team)|kyiv, kyiv city, ukraine|https://www.linkedin.com/jobs/view/4248164551
viseven|power bi developer (data analyst)|kyiv, kyiv city, ukraine|https://www.linkedin.com/jobs/view/4283432261
vml|data analyst|lisboa, lisbon, portugal|https://www.linkedin.com/jobs/view/4280937936
monzo bank|risk & controls analyst (data)|london, england, united kingdom|https://www.linkedin.com/jobs/view/4281356604
the orchard|data analyst|london, england, united kingdom|https://www.linkedin.com/jobs/view/4284019303
pa media|junior data analyst|london, england, united kingdom|https://www.linkedin.com/jobs/view/4285924365
devoteam|business analyst data (ba) f/h|lyon, auvergne-rhône-alpes, france|https://www.linkedin.com/jobs/view/4281357348
n8n|data analyst plg (remote europe)|spain|https://www.linkedin.com/jobs/view/4269598829
tripleten|growth data analyst|madrid, community of madrid, spain|https://www.linkedin.com/jobs/view/4279697271
clyde & co|data analyst|manchester, england, united kingdom|https://www.linkedin.com/jobs/view/4272081831
agoda|data analyst (bangkok based, relocation provided)|manchester, england, united kingdom|https://www.linkedin.com/jobs/view/4285642010
agoda|associate data analyst (new graduate, thai speaking) (bangkok based)|manchester, england, united kingdom|https://www.linkedin.com/jobs/view/4285641185
agoda|senior data analyst (bangkok based, relocation provided)|manchester, england, united kingdom|https://www.linkedin.com/jobs/view/4285637381
grafton recruitment|junior data analyst appartenente alle categorie protette (art.1-l.68/99)|milan, lombardy, italy|https://www.linkedin.com/jobs/view/4270741341
grafton recruitment|junior data analyst appartenente alle categorie protette (art.1-l.68/99)|milan, lombardy, italy|https://www.linkedin.com/jobs/view/4270741340
brandart|data analyst intern|busto arsizio, lombardy, italy|https://www.linkedin.com/jobs/view/4266408892
holidaycheck ag|data scientist / analyst (all genders)|munich, bavaria, germany|https://www.linkedin.com/jobs/view/4271201557
agoda|associate data analyst (new graduate, thai speaking) (bangkok based)|munich, bavaria, germany|https://www.linkedin.com/jobs/view/4285640262
agoda|data analyst (bangkok based, relocation provided)|munich, bavaria, germany|https://www.linkedin.com/jobs/view/4285640286
kijimea (synformulas gmbh)|senior data analyst kijimea|munich, bavaria, germany|https://www.linkedin.com/jobs/view/4255823121
agoda|senior data analyst (bangkok based, relocation provided)|munich, bavaria, germany|https://www.linkedin.com/jobs/view/4285634927
honoré gaming|stage data analyst f/h/x - insa games|paris, île-de-france, france|https://www.linkedin.com/jobs/view/4281857759
eic - experience internship canada|stage data analyst marketing (h/f) - canada|paris, île-de-france, france|https://www.linkedin.com/jobs/view/4245139497
hetic alumni|data analyst vs web analyst : quel métier choisir ...|montreuil, île-de-france, france|https://www.linkedin.com/jobs/view/4265019301
groupon|senior bi analyst / data bi analyst|prague, prague, worldwide|https://www.linkedin.com/jobs/view/4197982900
delivery hero|data analyst|prague, prague, worldwide|https://www.linkedin.com/jobs/view/4280000287
egenta.eu|marketplace data & performance analyst  (part-time)|prague, prague, worldwide|https://www.linkedin.com/jobs/view/4278976215
agoda|data analyst (bangkok based, relocation provided)|prague, prague, worldwide|https://www.linkedin.com/jobs/view/4269509756
agoda|associate data analyst (new graduate, thai speaking) (bangkok based)|prague, prague, worldwide|https://www.linkedin.com/jobs/view/4269511612
similarweb|senior data analyst|prague, prague, worldwide|https://www.linkedin.com/jobs/view/4261033445
agoda|senior data analyst (bangkok based, relocation provided)|prague, prague, worldwide|https://www.linkedin.com/jobs/view/4269509734
commercetools|ai-powered data analyst (m/f/x)|valencia, valencian community, spain|https://www.linkedin.com/jobs/view/4253855251
fourvenues|digital data analyst|valencia, valencian community, spain|https://www.linkedin.com/jobs/view/4278929440
trinetix|business analyst/product owner. healthcare. clinical data|valencia, valencian community, spain|https://www.linkedin.com/jobs/view/4269389784
viabill|data analyst (python)|warsaw, mazowieckie, poland|https://www.linkedin.com/jobs/view/4261757350
primaris|it data warehouse analyst - leader (banking)|warsaw, mazowieckie, poland|https://www.linkedin.com/jobs/view/4268183335
aic travel group sa|data analyst - travel industry|álava, principality of asturias, spain|https://www.linkedin.com/jobs/view/4283926055
aic travel group sa|data analyst - travel industry|badajoz, extremadura, spain|https://www.linkedin.com/jobs/view/4283922623
aic travel group sa|data analyst - travel industry|gijón, principality of asturias, spain|https://www.linkedin.com/jobs/view/4283919851
aic travel group sa|data analyst - travel industry|murcia, región de murcia, spain|https://www.linkedin.com/jobs/view/4283925158
aic travel group sa|data analyst - travel industry|león, castilla and leon, spain|https://www.linkedin.com/jobs/view/4284184056
aic travel group sa|data analyst - travel industry|vitoria-gasteiz, basque country, spain|https://www.linkedin.com/jobs/view/4283920811
aic travel group sa|data analyst - travel industry|oña, castilla and leon, spain|https://www.linkedin.com/jobs/view/4283926057
l'usine nouvelle|ingénieur data analyst - airbus h/f|toulouse, occitanie, france|https://www.linkedin.com/jobs/view/4282289058
12go|data analyst (finance)|poland|https://www.linkedin.com/jobs/view/4282105047
quadient|business intelligence & data analyst, e-commerce|hradec králové, hradec králové, worldwide|https://www.linkedin.com/jobs/view/4242890479
sia|consultant(e) senior data analyst|paris, île-de-france, france|https://www.linkedin.com/jobs/view/4270618766
le monde|stage - data analyst|paris, île-de-france, france|https://www.linkedin.com/jobs/view/4271313891
synchrone fr|data analyst gcp - h/f|paris, île-de-france, france|https://www.linkedin.com/jobs/view/4282850291
ruby labs|data analyst|italy|https://www.linkedin.com/jobs/view/4283159718
verisure|team lead data analyst (h/f/x)|antony, île-de-france, france|https://www.linkedin.com/jobs/view/4282840692
ruby labs|data analyst|poland|https://www.linkedin.com/jobs/view/4258504262
ruby labs|data analyst|czechia, worldwide|https://www.linkedin.com/jobs/view/4258503364
verisure|data analyst confirmé (f/h/x)|antony, île-de-france, france|https://www.linkedin.com/jobs/view/4282807687
manomano|apprenticeship - data analyst assistant (w/m)|paris, île-de-france, france|https://www.linkedin.com/jobs/view/4275189543
denkwerk gmbh|data analyst - online marketing (m/w/d)|cologne, north rhine-westphalia, germany|https://www.linkedin.com/jobs/view/4268419460
freshly cosmetics|data analyst|reus, catalonia, spain|https://www.linkedin.com/jobs/view/4260179325
ey|consultant senior ou manager data analyst & bi - secteur financier, h/f|paris, île-de-france, france|https://www.linkedin.com/jobs/view/4188316218
supercode|data-analyst coach (m/w/d)|düsseldorf, north rhine-westphalia, germany|https://www.linkedin.com/jobs/view/4268084801
fotc|data analyst|wrocław, dolnośląskie, poland|https://www.linkedin.com/jobs/view/4256679146
hbx group|junior data analyst and performance marketing|rimini, emilia-romagna, italy|https://www.linkedin.com/jobs/view/4256906711
cmcc foundation - centro euro mediterraneo sui cambiamenti climatici|12763 - data analyst for climate services design|caserta, campania, italy|https://www.linkedin.com/jobs/view/4268912262
alten spain|data analyst con google cloud|valladolid, castilla and leon, spain|https://www.linkedin.com/jobs/view/4232295544
social elite - agencja digital marketingu|marketing data analyst|wrocław, dolnośląskie, poland|https://www.linkedin.com/jobs/view/4217443262
circle partners gbr|data analyst (mwd)|cologne bonn region, worldwide|https://www.linkedin.com/jobs/view/4280773835
agoda|data analyst (bangkok based, relocation provided)|berlin, berlin, germany|https://www.linkedin.com/jobs/view/4285636550
team.it|senior data analyst|portugal|https://www.linkedin.com/jobs/view/4231419262
hays|marketing data analyst|bilbao, basque country, spain|https://www.linkedin.com/jobs/view/4285915816
pammys|data analyst / data specialist e-commerce in kiel (m/w/d)|kiel, schleswig-holstein, germany|https://www.linkedin.com/jobs/view/4264443084
about you|senior data analyst (m/f/d)|hamburg, germany|https://www.linkedin.com/jobs/view/3927927832
renault group|lead data analyst (h/f)|guyancourt, île-de-france, france|https://www.linkedin.com/jobs/view/4268578506
taxfix|senior data analyst (d/f/m) - people analytics|berlin, berlin, germany|https://www.linkedin.com/jobs/view/4270759130
laboratoires üma|📊 alternance data & retention analyst — laboratoires üma|grenoble, auvergne-rhône-alpes, france|https://www.linkedin.com/jobs/view/4277474633
ubilabs|(senior) data analyst (m/w/d)|hamburg, hamburg, germany|https://www.linkedin.com/jobs/view/4177212674
xrhealth|senior data analyst (spain based)|spain|https://www.linkedin.com/jobs/view/4087514001
voodoo|experienced data analyst - ad network|paris, île-de-france, france|https://www.linkedin.com/jobs/view/4234424245
agoda|associate data analyst (new graduate, thai speaking) (bangkok based)|barcelona, catalonia, spain|https://www.linkedin.com/jobs/view/4285639218
voodoo|data analyst - midcore games|paris, île-de-france, france|https://www.linkedin.com/jobs/view/4264754956
santander consumer bank spain|marketing data analyst - scf hq|boadilla del monte, community of madrid, spain|https://www.linkedin.com/jobs/view/4245589033
lincoln france|data analyst gcp (senior) -h/f|île-de-france, france|https://www.linkedin.com/jobs/view/3971564027
voodoo|fp&a & data analyst - corporate|paris, île-de-france, france|https://www.linkedin.com/jobs/view/4253093118
printful|senior data analyst|spain|https://www.linkedin.com/jobs/view/4257169155
singulier|senior data analyst|paris, île-de-france, france|https://www.linkedin.com/jobs/view/4252016043
advidi|lead data analyst|amsterdam, north holland, netherlands|https://www.linkedin.com/jobs/view/4275965542
voodoo|freelance senior data analyst - product - bereal|paris, île-de-france, france|https://www.linkedin.com/jobs/view/4232921573
voodoo|data analyst - cortex studio|paris, île-de-france, france|https://www.linkedin.com/jobs/view/4276968874
scopely|senior data analyst, marketing analytics|barcelona, catalonia, spain|https://www.linkedin.com/jobs/view/4194590622
hostelworld group|crm data analyst|porto, portugal|https://www.linkedin.com/jobs/view/4074747687
agoda|associate data analyst (new graduate, thai speaking) (bangkok based)|madrid, community of madrid, spain|https://www.linkedin.com/jobs/view/4285638250
arvato systems|senior data analyst|brasov metropolitan area, worldwide|https://www.linkedin.com/jobs/view/4262811466
agoda|associate data analyst (new graduate, thai speaking) (bangkok based)|porto, portugal|https://www.linkedin.com/jobs/view/4285638244
lyreco group|senior ecommerce data analyst|gdańsk, pomorskie, poland|https://www.linkedin.com/jobs/view/4158624153
voodoo|senior data analyst - paper.io 2|paris, île-de-france, france|https://www.linkedin.com/jobs/view/4277218794
agoda|senior data analyst (bangkok based, relocation provided)|madrid, community of madrid, spain|https://www.linkedin.com/jobs/view/4285642028
agoda|senior data analyst (bangkok based, relocation provided)|warsaw, mazowieckie, poland|https://www.linkedin.com/jobs/view/4285633999
voodoo|senior data analyst - portfolio games|barcelona, catalonia, spain|https://www.linkedin.com/jobs/view/4263488132
sii poland|senior ecommerce data analyst|wrocław, dolnośląskie, poland|https://www.linkedin.com/jobs/view/4278832247
sii poland|senior ecommerce data analyst|gdańsk, pomorskie, poland|https://www.linkedin.com/jobs/view/4278831498
sii poland|senior ecommerce data analyst|poznań, wielkopolskie, poland|https://www.linkedin.com/jobs/view/4278828821
sii poland|senior ecommerce data analyst|łódź, łódzkie, poland|https://www.linkedin.com/jobs/view/4278835172
sii poland|senior ecommerce data analyst|lublin, lubelskie, poland|https://www.linkedin.com/jobs/view/4278834241
auto1 group|intern business analyst (f/m/x)|warsaw, mazowieckie, poland|https://www.linkedin.com/jobs/view/4278529443
dainese|digital business analyst intern|vicenza, veneto, italy|https://www.linkedin.com/jobs/view/4278947391
trinetix|business analyst/product owner. healthcare. clinical data|berlin, berlin, germany|https://www.linkedin.com/jobs/view/4269389783
trinetix|business analyst/product owner. healthcare. clinical data|warsaw, mazowieckie, poland|https://www.linkedin.com/jobs/view/4269392790
trinetix|business analyst/product owner. healthcare. clinical data|lisbon, lisbon, portugal|https://www.linkedin.com/jobs/view/4269394701
sdg group italy|junior business analyst|verona, veneto, italy|https://www.linkedin.com/jobs/view/4272893769
hellofresh|senior product data analyst - adtech, martech alliance (m/f/d)|berlin, berlin, germany|https://www.linkedin.com/jobs/view/4275086646
glovo|senior data analyst (they/she/he)|warsaw, mazowieckie, poland|https://www.linkedin.com/jobs/view/4263441034
morpheus talent solutions|data quality analyst|france|https://www.linkedin.com/jobs/view/4279884067
about you|senior data analyst (m/w/d) - supply data solutions - onsite in hamburg|hamburg, germany|https://www.linkedin.com/jobs/view/4283015170
tietalent|data analyst - marketing & media (m/w/d)|cologne, north rhine-westphalia, germany|https://www.linkedin.com/jobs/view/4282776642
tietalent|(senior) marketing data analyst (mensch*)|cologne, north rhine-westphalia, germany|https://www.linkedin.com/jobs/view/4282786302
luxoft poland|senior system and data analyst|warsaw, mazowieckie, poland|https://www.linkedin.com/jobs/view/4270699801
accenture españa|google - data eng, mgmt & governance senior analyst|madrid, community of madrid, spain|https://www.linkedin.com/jobs/view/4222877203
luxoft poland|senior system and data analyst|gdańsk, pomorskie, poland|https://www.linkedin.com/jobs/view/4270699812
kapital bank life|business analyst intern|baku, baku ekonomic zone, worldwide|https://www.linkedin.com/jobs/view/4271815577
sparkers|business analyst intern (student)|brussels, brussels region, belgium|https://www.linkedin.com/jobs/view/4263982961
p&v group|business & test analyst - direction(ie) channel management - nl|brussels, brussels region, belgium|https://www.linkedin.com/jobs/view/4272176550
iko waterproofing and insulation eu|data management analyst|kontich, flemish region, belgium|https://www.linkedin.com/jobs/view/4258305827
rode kruis-vlaanderen|business intelligence analist|mechelen, flemish region, belgium|https://www.linkedin.com/jobs/view/4281601697
rode kruis-vlaanderen|business intelligence analyst|mechelen, flemish region, belgium|https://www.linkedin.com/jobs/view/4263961196
engie belgium|internship: data analyst|ghent, flemish region, belgium|https://www.linkedin.com/jobs/view/4264789543
warner bros. discovery|cnn research & analytics internships: atl - fall 2025|ga, atlanta, worldwide|https://www.linkedin.com/jobs/view/4270604036
mercedes-benz usa|product management junior associate consultant (intern)|ga, atlanta, worldwide|https://www.linkedin.com/jobs/view/4284062723
mercedes-benz vans usa|product management junior associate consultant (intern)|ga, atlanta, worldwide|https://www.linkedin.com/jobs/view/4282213710
ripplematch|business process analyst intern, application via ripplematch|ga, atlanta, worldwide|https://www.linkedin.com/jobs/view/4269933818
battelle|skillbridge - network security analyst|ga, augusta, worldwide|https://www.linkedin.com/jobs/view/4278027484
kreativstorm recruitment|business analyst - intern (remote internship)|germany|https://www.linkedin.com/jobs/view/4284198961
charles river associates|praktikant/in, life sciences strategieberatung/life sciences intern (2026 start) - m/f/d|munich, bavaria, germany|https://www.linkedin.com/jobs/view/4264354217
itaricon|enterprise architect (mensch*)|dresden, saxony, germany|https://www.linkedin.com/jobs/view/4046549619
hirist|business analytics intern|germany|https://www.linkedin.com/jobs/view/4282800156
abcfinance gmbh|it business analyst erp (m/w/d)|cologne, north rhine-westphalia, germany|https://www.linkedin.com/jobs/view/4161684518
iff|ap analyst intern, eame|budapest, budapest, hungary|https://www.linkedin.com/jobs/view/4284450315
iff|ap analyst intern, eame|budapest, budapest, hungary|https://www.linkedin.com/jobs/view/4284446909
kpmg italy|business analyst (intern) - microsoft dynamics|milan, lombardy, italy|https://www.linkedin.com/jobs/view/4270299616
kpmg italy|it business analyst intern sap - financial services|milan, lombardy, italy|https://www.linkedin.com/jobs/view/4266189232
pwc italy|advisory intern - digital process & hyperautomation: focus business analyst - milano|milan, lombardy, italy|https://www.linkedin.com/jobs/view/4266636864
chiesi farmaceutici s.p.a.|intern - global value and access - pricing jr analyst|parma, emilia-romagna, italy|https://www.linkedin.com/jobs/view/4280268249
la doublej|digital operations analyst intern|milan, lombardy, italy|https://www.linkedin.com/jobs/view/4269535219
kpmg italy|it business analyst sap - financial services|bologna, emilia-romagna, italy|https://www.linkedin.com/jobs/view/4266188342
avanade|intern scm business analyst - erp microsoft dynamics 365|turin, piedmont, italy|https://www.linkedin.com/jobs/view/4201260579
avanade|intern scm business analyst - erp microsoft dynamics 365|milan, lombardy, italy|https://www.linkedin.com/jobs/view/4201257929
avanade|intern scm business analyst - erp microsoft dynamics 365|naples, campania, italy|https://www.linkedin.com/jobs/view/4260942189
avanade|intern finance business analyst - erp microsoft dynamics 365|milan, lombardy, italy|https://www.linkedin.com/jobs/view/4215833492
ey|digital factory - business analyst intern|luxembourg, luxembourg, luxembourg|https://www.linkedin.com/jobs/view/4268276913
acca careers|internship: business analyst intern|amsterdam, north holland, netherlands|https://www.linkedin.com/jobs/view/4285621339
philips|internship: business analyst intern|amsterdam, north holland, netherlands|https://www.linkedin.com/jobs/view/4281094506
typ|applicatiebeheerder en business analist (microsoft business central / dynamics))|leusden, utrecht, netherlands|https://www.linkedin.com/jobs/view/4271452474
blue sky group|business analist front-end|amstelveen, north holland, netherlands|https://www.linkedin.com/jobs/view/4282786298
ripplematch|business process analyst intern|los angeles, canada|https://www.linkedin.com/jobs/view/4277200946
ripplematch|business process analyst intern, application via ripplematch|los angeles, canada|https://www.linkedin.com/jobs/view/4269938102
smadex|data analyst intern|barcelona, catalonia, spain|https://www.linkedin.com/jobs/view/4235213675
awwg|business analyst intern, giii (karl lagerfeld y dkny) - madrid|madrid, community of madrid, spain|https://www.linkedin.com/jobs/view/4250576654
bof careers|awwg business analyst intern, giii (karl lagerfeld y dkny) - madrid|madrid, community of madrid, spain|https://www.linkedin.com/jobs/view/4248587177
oxyle|water quality analyst (intern)|schlieren, zurich, switzerland|https://www.linkedin.com/jobs/view/4279579315
chanel|client engagement business analyst intern|genève, geneva, switzerland|https://www.linkedin.com/jobs/view/4283020756
token finansal teknolojiler|project engineer & long term intern – business analysis|türkiye, istanbul, worldwide|https://www.linkedin.com/jobs/view/4279476862
jefferies|campus recruiter|london area, united kingdom|https://www.linkedin.com/jobs/view/4285479508
pimco|2025 summer internship – product analyst, london|london, england, united kingdom|https://www.linkedin.com/jobs/view/4009211167
slb|onsite support analyst intern|leeds, england, united kingdom|https://www.linkedin.com/jobs/view/4267442050
cpc - colder products company|inside sales lead, europe|europe|https://www.linkedin.com/jobs/view/4261199033
parimatch|data analyst|limassol, limassol, worldwide|https://www.linkedin.com/jobs/view/4250718343
ensio|apprenti data analyst télécom : performance - h/f|loriol-sur-drôme, auvergne-rhône-alpes, france|https://www.linkedin.com/jobs/view/4260705092
iv.ai|da2 data analyst|los angeles, canada|https://www.linkedin.com/jobs/view/4281483351
jobright.ai|senior data analyst, supplier management|los angeles, canada|https://www.linkedin.com/jobs/view/4282489872
incident.io|product data analyst|london, england, united kingdom|https://www.linkedin.com/jobs/view/4214777366
incident.io|commercial data analyst|london, england, united kingdom|https://www.linkedin.com/jobs/view/4214774607
mysecurityevent community für eine digital sichere welt|persönliche assistent:in des ceos  assistenz der geschäfstleitung|berlin, germany|https://www.linkedin.com/jobs/view/4282550161
atlas operations|amazon advertising manager - remote|germany|https://www.linkedin.com/jobs/view/4270840012
amazon|2025 financial analyst intern|madrid, community of madrid, spain|https://www.linkedin.com/jobs/view/4234043216
acca careers|2025 financial analyst intern|madrid, community of madrid, spain|https://www.linkedin.com/jobs/view/4270659164
sunday natural|quality management intern (all genders)|berlin, berlin, germany|https://www.linkedin.com/jobs/view/4264478111
marco sigismund|quality management intern (all genders)|berlin, berlin, germany|https://www.linkedin.com/jobs/view/4264427727
germanwatch e.v.|organisatorische assistenz des geschäftsführenden vorstands politik und des präsidiums (w/m/d)|bonn, north rhine-westphalia, germany|https://www.linkedin.com/jobs/view/4276675699
akeneo: the product experience company|sales administration coordinator intern|greater nantes metropolitan area, worldwide|https://www.linkedin.com/jobs/view/4255440805
per scholas|intern, campus support|ga, atlanta, worldwide|https://www.linkedin.com/jobs/view/4270518743
sumup|revenue planning intern|berlin, berlin, germany|https://www.linkedin.com/jobs/view/4263513098
neowake|assistenz der geschäftsführung (mensch) (remote/köln)|cologne, north rhine-westphalia, germany|https://www.linkedin.com/jobs/view/4264069510
cc.systems gmbh|assistenz der geschäftsführung (m/w/d) - organisationstalent & allrounder|hamburg, hamburg, germany|https://www.linkedin.com/jobs/view/4281072860
galvanek bau gmbh|teamassistenz operations - terminierung & koordination (m/w/d)|nuremberg, bavaria, germany|https://www.linkedin.com/jobs/view/4273343602
flip|executive assistant to the ceo & office manager (m/w/d)|stuttgart region, worldwide|https://www.linkedin.com/jobs/view/4278625072
dent|assistenz der geschäftsführung für ein tech startup (m/w/d) in teilzeit|jena, thuringia, germany|https://www.linkedin.com/jobs/view/3899931338
revive|senior executive assistant to founder (m/w/d)  interior-scaleup  vollzeit  köln|cologne, north rhine-westphalia, germany|https://www.linkedin.com/jobs/view/4263839479
netenders|pricing analyst intern|barcelona, catalonia, spain|https://www.linkedin.com/jobs/view/4270996728
ifae|assistent/a general i dels serveis generals de l’ifae|cerdanyola del vallès, catalonia, spain|https://www.linkedin.com/jobs/view/4201042342
auto1 group|junior admin- och processkoordinator|bromma, stockholm county, sweden|https://www.linkedin.com/jobs/view/4280141896
spain internship|front desk assistant and marketing internship in alicante, spain|alicante, valencian community, spain|https://www.linkedin.com/jobs/view/4061492677
station f|business & strategy analyst intern|paris, île-de-france, france|https://www.linkedin.com/jobs/view/4284133445
condé nast france|business analyst junior intern|greater paris metropolitan region, worldwide|https://www.linkedin.com/jobs/view/4278321200
balenciaga|balenciaga – intern e-business performance analyst – september 2025 (f/m)|paris, île-de-france, france|https://www.linkedin.com/jobs/view/4278079084
mercanis|founder's associate marketing & growth intern (m/f/d)|berlin, berlin, germany|https://www.linkedin.com/jobs/view/4249952984
innocean europe|intern ad tech (m/f/d)|frankfurt, hesse, germany|https://www.linkedin.com/jobs/view/4213510925
bahlsen group|customer assistant sales marketing (m/w/d)|hannover, lower saxony, germany|https://www.linkedin.com/jobs/view/4267723550
tietalent|(senior) web analyst (m/w/d)|münster, north rhine-westphalia, germany|https://www.linkedin.com/jobs/view/4282779254
lvm versicherung|(senior) web analyst (m/w/d)|münster, north rhine-westphalia, germany|https://www.linkedin.com/jobs/view/4268217207
studdy|business analyst - stage|milan, lombardy, italy|https://www.linkedin.com/jobs/view/4282598743
foorban|business analyst intern|greater milan metropolitan area, worldwide|https://www.linkedin.com/jobs/view/4269533455
startup geeks|startup analyst and business development intern|italy|https://www.linkedin.com/jobs/view/4280698593
dept®|digital strategy and research intern|amsterdam, north holland, netherlands|https://www.linkedin.com/jobs/view/4219646802
dept®|digital strategy and research intern|rotterdam, south holland, netherlands|https://www.linkedin.com/jobs/view/4219648808
fever|market strategy intern|madrid, community of madrid, spain|https://www.linkedin.com/jobs/view/4268914802
collège financement participatif par france fintech|digital marketing analyst - prácticas - barcelona|barcelona, catalonia, spain|https://www.linkedin.com/jobs/view/4281413152
edreams odigeo|business analyst intern|barcelona, catalonia, spain|https://www.linkedin.com/jobs/view/4235430154
empresa confidencial|marketing assistant (junior)|greater barcelona metropolitan area, worldwide|https://www.linkedin.com/jobs/view/4279585755
spain internship|it php assistant internship marketing team in madrid|madrid, community of madrid, spain|https://www.linkedin.com/jobs/view/4061483855
carrots|product analyst intern (mobile apps)|barcelona, catalonia, spain|https://www.linkedin.com/jobs/view/4278941094
carrots|data analyst intern|barcelona, catalonia, spain|https://www.linkedin.com/jobs/view/4278934709
pwc czech republic|market research intern|prague, prague, worldwide|https://www.linkedin.com/jobs/view/4271357048
bics|strategic market intelligence intern|brussels, brussels region, belgium|https://www.linkedin.com/jobs/view/4250357401
augustinus bader|marketing & sales assistant intern|paris, île-de-france, france|https://www.linkedin.com/jobs/view/4267806269
incomm payments|account management intern|ga, atlanta, worldwide|https://www.linkedin.com/jobs/view/4275202208
haier europe|marketing data analyst intern|vimercate, lombardy, italy|https://www.linkedin.com/jobs/view/4274631119
versuni|internship: pricing & e-commerce intern (d2c)|amsterdam area, worldwide|https://www.linkedin.com/jobs/view/4265167892
versuni|internship: pricing & e-commerce intern (d2c)|amsterdam, north holland, netherlands|https://www.linkedin.com/jobs/view/4282935774
publicis groupe españa|media research intern programa #the future of one|barcelona, catalonia, spain|https://www.linkedin.com/jobs/view/4263356629
bof careers|awwg e-commerce demand planning intern - pepe jeans madrid (6 month contract)|madrid, community of madrid, spain|https://www.linkedin.com/jobs/view/4254197107
slb|hse facilities analyst and communication intern|london area, united kingdom|https://www.linkedin.com/jobs/view/4268793664
srg|marketing assistant|bracknell, england, united kingdom|https://www.linkedin.com/jobs/view/4273854939
pearl lemon group|account manager intern (remote)|albania, worldwide|https://www.linkedin.com/jobs/view/4250675216
southwatts|web & data analyst - continuous recruitment|montpellier, occitanie, france|https://www.linkedin.com/jobs/view/4250437602
goodwin recruiting|operations data analyst jn -082025-164260|ga, atlanta, worldwide|https://www.linkedin.com/jobs/view/4286184123
coinmarketcap|business data analyst|london, england, united kingdom|https://www.linkedin.com/jobs/view/4233115272
kiska|research & strategy intern|salzburg, salzburg, austria|https://www.linkedin.com/jobs/view/4238584403
mcdonald's|consumer insights & research intern (min. 3 months)|diegem, flemish region, belgium|https://www.linkedin.com/jobs/view/4231694866
henkel|internship in category management - henkel consumer brands - january 2026 (m/f/x)|brussels, brussels region, belgium|https://www.linkedin.com/jobs/view/4260836034
gumption group|studio emma - business analyst|bruges, flemish region, belgium|https://www.linkedin.com/jobs/view/4267226409
wolfson recruitment|business analyst (domain-driven-design)|aartselaar, flemish region, belgium|https://www.linkedin.com/jobs/view/4274176925
roger & roger sa|business analyst applications|mouscron, walloon region, belgium|https://www.linkedin.com/jobs/view/4259833197
extendo consulting|business analyst|brussels, brussels region, belgium|https://www.linkedin.com/jobs/view/4236768210
mainfreight europe|business analyst sales support|ghent, flemish region, belgium|https://www.linkedin.com/jobs/view/4115469541
richemont|internship - marketing data analyst|paris, île-de-france, france|https://www.linkedin.com/jobs/view/4277243165
atlanta gladiators|marketing intern 2025-26 season|ga, duluth, worldwide|https://www.linkedin.com/jobs/view/4269581167
c&a|intern (m/f/d) market insights & analytics|düsseldorf, north rhine-westphalia, germany|https://www.linkedin.com/jobs/view/4283936712
interpret|market research intern (gaming insights)|berlin, berlin, germany|https://www.linkedin.com/jobs/view/4279394026
kreativkarussell gmbh|cro-analyst (m/w/d)|brilon, north rhine-westphalia, germany|https://www.linkedin.com/jobs/view/4233725255
picnic technologies|business analyst - internship (m/w/d)|düsseldorf, north rhine-westphalia, germany|https://www.linkedin.com/jobs/view/4190609916
siemens|kommunikation und medienmanagement (b.a.) 2026|karlsruhe, baden-württemberg, germany|https://www.linkedin.com/jobs/view/4258065316
msd deutschland|praktikant (m/w/d) business insights analyst|munich, bavaria, germany|https://www.linkedin.com/jobs/view/4272846927
picnic technologies|business analyst - thesis internship (m/w/d)|düsseldorf, north rhine-westphalia, germany|https://www.linkedin.com/jobs/view/4190487310
the goodyear tire & rubber company|business analyst|cologne, north rhine-westphalia, germany|https://www.linkedin.com/jobs/view/4280109784
din media gmbh|business analyst (m/w/d)|berlin, berlin, germany|https://www.linkedin.com/jobs/view/4276246128
younet media|social insights intern|lu, piedmont, italy|https://www.linkedin.com/jobs/view/4261989217
gruppo lactalis italia|trade category intern|milan, lombardy, italy|https://www.linkedin.com/jobs/view/4268666274
hilti group|intern - customer insights (m/f/x)|schaan, schaan, worldwide|https://www.linkedin.com/jobs/view/4245289362
hilti asia it services|intern - market and competitive insights (m/f/x)|schaan, schaan, worldwide|https://www.linkedin.com/jobs/view/4285785731
hilti group|intern - market and competitive insights (m/f/x)|schaan, schaan, worldwide|https://www.linkedin.com/jobs/view/4285676050
philips|internship: business analyst marketing|amsterdam, north holland, netherlands|https://www.linkedin.com/jobs/view/4281046322
bugaboo|global consumer market insights intern|amsterdam-zuidoost, north holland, netherlands|https://www.linkedin.com/jobs/view/4278211250
jobster|strategisch marktanalist - jobbird.com|schiphol, north holland, netherlands|https://www.linkedin.com/jobs/view/4285430562
werving op maat|business analist|utrecht, netherlands|https://www.linkedin.com/jobs/view/4280123034
royal schiphol group|strategisch marktanalist|schiphol, north holland, netherlands|https://www.linkedin.com/jobs/view/4275021895
bytedance|content partnership intern (lemon8) - 2025 project intern (bs/ms)|los angeles, canada|https://www.linkedin.com/jobs/view/4253830360
tencent|game research and application intern|los angeles, canada|https://www.linkedin.com/jobs/view/4247550811
loewe|traffic acquisition intern|madrid, community of madrid, spain|https://www.linkedin.com/jobs/view/4278796405
interbrand|intern- analyst|madrid, community of madrid, spain|https://www.linkedin.com/jobs/view/4210044683
collège financement participatif par france fintech|growth marketing analyst intern - spanish market - barcelona|barcelona, catalonia, spain|https://www.linkedin.com/jobs/view/4286166503
williamson-dickie europe, a vf company|go to market intern|stabio, ticino, switzerland|https://www.linkedin.com/jobs/view/4271812922
ypsomed ag|intern market intelligence|burgdorf, berne, switzerland|https://www.linkedin.com/jobs/view/4281803775
christian dior couture|cdm analyst intern, head office|london, england, united kingdom|https://www.linkedin.com/jobs/view/4278960189
din media gmbh|business analyst (m/w/d)|berlin, berlin, germany|https://www.linkedin.com/jobs/view/4277189437
sd worx deutschland|business analyst (m/w/d) – schwerpunkt payroll|berlin, germany|https://www.linkedin.com/jobs/view/4269640011
verdi groep|business analist|the randstad, netherlands|https://www.linkedin.com/jobs/view/4271455689
grant thornton netherlands|businessanalist (consultant)|rotterdam, south holland, netherlands|https://www.linkedin.com/jobs/view/3822820955
overheidzzp|vngr 25.080 business analist omgevingswet - dso, rotterdam|rotterdam, south holland, netherlands|https://www.linkedin.com/jobs/view/4281837892
sd worx|business analyst (m/w/d) – schwerpunkt payroll|dreieich, hesse, germany|https://www.linkedin.com/jobs/view/4174428514
hansainvest hanseatische investment-gmbh|business application analyst für querschnittsysteme (m/w/d)|hamburg, hamburg, germany|https://www.linkedin.com/jobs/view/4253494421
aareon dach|requirements engineer / business analyst (m/w/d)|munich, bavaria, germany|https://www.linkedin.com/jobs/view/4267774756
accenture czech republic|salesforce marketing cloud intern / part-time analyst|prague, prague, worldwide|https://www.linkedin.com/jobs/view/4256550426
blue sky group|it business analist  back-end|amstelveen, north holland, netherlands|https://www.linkedin.com/jobs/view/4283543516
atruvia ag|business analyst bankfachlich - datengetriebene vertriebssteuerung (m/w/d)|münster, north rhine-westphalia, germany|https://www.linkedin.com/jobs/view/4257417757
ccv|business analist|arnhem, gelderland, netherlands|https://www.linkedin.com/jobs/view/4265321647
todd|winter cybersecurity intern|los angeles, canada|https://www.linkedin.com/jobs/view/4286421774
n8n|data analyst plg (remote europe)|united kingdom|https://www.linkedin.com/jobs/view/4269598830
ocado retail|senior analyst retail media & data|hatfield, england, united kingdom|https://www.linkedin.com/jobs/view/4282845381
aic travel group sa|data analyst - travel industry|almería, andalusia, spain|https://www.linkedin.com/jobs/view/4283926059
asana|senior data analyst|warsaw, mazowieckie, poland|https://www.linkedin.com/jobs/view/4206944457
